# DetID,Strip voltage, StripID, Shaping Offset, Coincidence Window, Disable Time, Flag-to-enable Delay, FL noise cut, Flag delay
0,l,0,2255,500,1400,100,200,200
0,l,1,2255,500,1400,100,200,200
0,l,2,2255,500,1400,100,200,200
0,l,3,2255,500,1400,100,200,200
0,l,4,2255,500,1400,100,200,200
0,l,5,2255,500,1400,100,200,200
0,l,6,2255,500,1400,100,200,200
0,l,7,2255,500,1400,100,200,200
0,l,8,2255,500,1400,100,200,200
0,l,9,2255,500,1400,100,200,200
0,l,10,2255,500,1400,100,200,200
0,l,11,2255,500,1400,100,200,200
0,l,12,2255,500,1400,100,200,200
0,l,13,2255,500,1400,100,200,200
0,l,14,2255,500,1400,100,200,200
0,l,15,2255,500,1400,100,200,200
0,l,16,2255,500,1400,100,200,200
0,l,17,2255,500,1400,100,200,200
0,l,18,2255,500,1400,100,200,200
0,l,19,2255,500,1400,100,200,200
0,l,20,2255,500,1400,100,200,200
0,l,21,2255,500,1400,100,200,200
0,l,22,2255,500,1400,100,200,200
0,l,23,2255,500,1400,100,200,200
0,l,24,2255,500,1400,100,200,200
0,l,25,2255,500,1400,100,200,200
0,l,26,2255,500,1400,100,200,200
0,l,27,2255,500,1400,100,200,200
0,l,28,2255,500,1400,100,200,200
0,l,29,2255,500,1400,100,200,200
0,l,30,2255,500,1400,100,200,200
0,l,31,2255,500,1400,100,200,200
0,l,32,2255,500,1400,100,200,200
0,l,33,2255,500,1400,100,200,200
0,l,34,2255,500,1400,100,200,200
0,l,35,2255,500,1400,100,200,200
0,l,36,2255,500,1400,100,200,200
0,l,37,2255,500,1400,100,200,200
0,l,38,2255,500,1400,100,200,200
0,l,39,2255,500,1400,100,200,200
0,l,40,2255,500,1400,100,200,200
0,l,41,2255,500,1400,100,200,200
0,l,42,2255,500,1400,100,200,200
0,l,43,2255,500,1400,100,200,200
0,l,44,2255,500,1400,100,200,200
0,l,45,2255,500,1400,100,200,200
0,l,46,2255,500,1400,100,200,200
0,l,47,2255,500,1400,100,200,200
0,l,48,2255,500,1400,100,200,200
0,l,49,2255,500,1400,100,200,200
0,l,50,2255,500,1400,100,200,200
0,l,51,2255,500,1400,100,200,200
0,l,52,2255,500,1400,100,200,200
0,l,53,2255,500,1400,100,200,200
0,l,54,2255,500,1400,100,200,200
0,l,55,2255,500,1400,100,200,200
0,l,56,2255,500,1400,100,200,200
0,l,57,2255,500,1400,100,200,200
0,l,58,2255,500,1400,100,200,200
0,l,59,2255,500,1400,100,200,200
0,l,60,2255,500,1400,100,200,200
0,l,61,2255,500,1400,100,200,200
0,l,62,2255,500,1400,100,200,200
0,l,63,2255,500,1400,100,200,200
0,l,64,2255,500,1400,100,200,200
0,h,65,2255,500,1400,100,200,200
0,h,0,2255,500,1400,100,200,200
0,h,1,2255,500,1400,100,200,200
0,h,2,2255,500,1400,100,200,200
0,h,3,2255,500,1400,100,200,200
0,h,4,2255,500,1400,100,200,200
0,h,5,2255,500,1400,100,200,200
0,h,6,2255,500,1400,100,200,200
0,h,7,2255,500,1400,100,200,200
0,h,8,2255,500,1400,100,200,200
0,h,9,2255,500,1400,100,200,200
0,h,10,2255,500,1400,100,200,200
0,h,11,2255,500,1400,100,200,200
0,h,12,2255,500,1400,100,200,200
0,h,13,2255,500,1400,100,200,200
0,h,14,2255,500,1400,100,200,200
0,h,15,2255,500,1400,100,200,200
0,h,16,2255,500,1400,100,200,200
0,h,17,2255,500,1400,100,200,200
0,h,18,2255,500,1400,100,200,200
0,h,19,2255,500,1400,100,200,200
0,h,20,2255,500,1400,100,200,200
0,h,21,2255,500,1400,100,200,200
0,h,22,2255,500,1400,100,200,200
0,h,23,2255,500,1400,100,200,200
0,h,24,2255,500,1400,100,200,200
0,h,25,2255,500,1400,100,200,200
0,h,26,2255,500,1400,100,200,200
0,h,27,2255,500,1400,100,200,200
0,h,28,2255,500,1400,100,200,200
0,h,29,2255,500,1400,100,200,200
0,h,30,2255,500,1400,100,200,200
0,h,31,2255,500,1400,100,200,200
0,h,32,2255,500,1400,100,200,200
0,h,33,2255,500,1400,100,200,200
0,h,34,2255,500,1400,100,200,200
0,h,35,2255,500,1400,100,200,200
0,h,36,2255,500,1400,100,200,200
0,h,37,2255,500,1400,100,200,200
0,h,38,2255,500,1400,100,200,200
0,h,39,2255,500,1400,100,200,200
0,h,40,2255,500,1400,100,200,200
0,h,41,2255,500,1400,100,200,200
0,h,42,2255,500,1400,100,200,200
0,h,43,2255,500,1400,100,200,200
0,h,44,2255,500,1400,100,200,200
0,h,45,2255,500,1400,100,200,200
0,h,46,2255,500,1400,100,200,200
0,h,47,2255,500,1400,100,200,200
0,h,48,2255,500,1400,100,200,200
0,h,49,2255,500,1400,100,200,200
0,h,50,2255,500,1400,100,200,200
0,h,51,2255,500,1400,100,200,200
0,h,52,2255,500,1400,100,200,200
0,h,53,2255,500,1400,100,200,200
0,h,54,2255,500,1400,100,200,200
0,h,55,2255,500,1400,100,200,200
0,h,56,2255,500,1400,100,200,200
0,h,57,2255,500,1400,100,200,200
0,h,58,2255,500,1400,100,200,200
0,h,59,2255,500,1400,100,200,200
0,h,60,2255,500,1400,100,200,200
0,h,61,2255,500,1400,100,200,200
0,h,62,2255,500,1400,100,200,200
0,h,63,2255,500,1400,100,200,200
1,l,0,2255,500,1400,100,200,200
1,l,1,2255,500,1400,100,200,200
1,l,2,2255,500,1400,100,200,200
1,l,3,2255,500,1400,100,200,200
1,l,4,2255,500,1400,100,200,200
1,l,5,2255,500,1400,100,200,200
1,l,6,2255,500,1400,100,200,200
1,l,7,2255,500,1400,100,200,200
1,l,8,2255,500,1400,100,200,200
1,l,9,2255,500,1400,100,200,200
1,l,10,2255,500,1400,100,200,200
1,l,11,2255,500,1400,100,200,200
1,l,12,2255,500,1400,100,200,200
1,l,13,2255,500,1400,100,200,200
1,l,14,2255,500,1400,100,200,200
1,l,15,2255,500,1400,100,200,200
1,l,16,2255,500,1400,100,200,200
1,l,17,2255,500,1400,100,200,200
1,l,18,2255,500,1400,100,200,200
1,l,19,2255,500,1400,100,200,200
1,l,20,2255,500,1400,100,200,200
1,l,21,2255,500,1400,100,200,200
1,l,22,2255,500,1400,100,200,200
1,l,23,2255,500,1400,100,200,200
1,l,24,2255,500,1400,100,200,200
1,l,25,2255,500,1400,100,200,200
1,l,26,2255,500,1400,100,200,200
1,l,27,2255,500,1400,100,200,200
1,l,28,2255,500,1400,100,200,200
1,l,29,2255,500,1400,100,200,200
1,l,30,2255,500,1400,100,200,200
1,l,31,2255,500,1400,100,200,200
1,l,32,2255,500,1400,100,200,200
1,l,33,2255,500,1400,100,200,200
1,l,34,2255,500,1400,100,200,200
1,l,35,2255,500,1400,100,200,200
1,l,36,2255,500,1400,100,200,200
1,l,37,2255,500,1400,100,200,200
1,l,38,2255,500,1400,100,200,200
1,l,39,2255,500,1400,100,200,200
1,l,40,2255,500,1400,100,200,200
1,l,41,2255,500,1400,100,200,200
1,l,42,2255,500,1400,100,200,200
1,l,43,2255,500,1400,100,200,200
1,l,44,2255,500,1400,100,200,200
1,l,45,2255,500,1400,100,200,200
1,l,46,2255,500,1400,100,200,200
1,l,47,2255,500,1400,100,200,200
1,l,48,2255,500,1400,100,200,200
1,l,49,2255,500,1400,100,200,200
1,l,50,2255,500,1400,100,200,200
1,l,51,2255,500,1400,100,200,200
1,l,52,2255,500,1400,100,200,200
1,l,53,2255,500,1400,100,200,200
1,l,54,2255,500,1400,100,200,200
1,l,55,2255,500,1400,100,200,200
1,l,56,2255,500,1400,100,200,200
1,l,57,2255,500,1400,100,200,200
1,l,58,2255,500,1400,100,200,200
1,l,59,2255,500,1400,100,200,200
1,l,60,2255,500,1400,100,200,200
1,l,61,2255,500,1400,100,200,200
1,l,62,2255,500,1400,100,200,200
1,l,63,2255,500,1400,100,200,200
1,l,64,2255,500,1400,100,200,200
1,h,65,2255,500,1400,100,200,200
1,h,0,2255,500,1400,100,200,200
1,h,1,2255,500,1400,100,200,200
1,h,2,2255,500,1400,100,200,200
1,h,3,2255,500,1400,100,200,200
1,h,4,2255,500,1400,100,200,200
1,h,5,2255,500,1400,100,200,200
1,h,6,2255,500,1400,100,200,200
1,h,7,2255,500,1400,100,200,200
1,h,8,2255,500,1400,100,200,200
1,h,9,2255,500,1400,100,200,200
1,h,10,2255,500,1400,100,200,200
1,h,11,2255,500,1400,100,200,200
1,h,12,2255,500,1400,100,200,200
1,h,13,2255,500,1400,100,200,200
1,h,14,2255,500,1400,100,200,200
1,h,15,2255,500,1400,100,200,200
1,h,16,2255,500,1400,100,200,200
1,h,17,2255,500,1400,100,200,200
1,h,18,2255,500,1400,100,200,200
1,h,19,2255,500,1400,100,200,200
1,h,20,2255,500,1400,100,200,200
1,h,21,2255,500,1400,100,200,200
1,h,22,2255,500,1400,100,200,200
1,h,23,2255,500,1400,100,200,200
1,h,24,2255,500,1400,100,200,200
1,h,25,2255,500,1400,100,200,200
1,h,26,2255,500,1400,100,200,200
1,h,27,2255,500,1400,100,200,200
1,h,28,2255,500,1400,100,200,200
1,h,29,2255,500,1400,100,200,200
1,h,30,2255,500,1400,100,200,200
1,h,31,2255,500,1400,100,200,200
1,h,32,2255,500,1400,100,200,200
1,h,33,2255,500,1400,100,200,200
1,h,34,2255,500,1400,100,200,200
1,h,35,2255,500,1400,100,200,200
1,h,36,2255,500,1400,100,200,200
1,h,37,2255,500,1400,100,200,200
1,h,38,2255,500,1400,100,200,200
1,h,39,2255,500,1400,100,200,200
1,h,40,2255,500,1400,100,200,200
1,h,41,2255,500,1400,100,200,200
1,h,42,2255,500,1400,100,200,200
1,h,43,2255,500,1400,100,200,200
1,h,44,2255,500,1400,100,200,200
1,h,45,2255,500,1400,100,200,200
1,h,46,2255,500,1400,100,200,200
1,h,47,2255,500,1400,100,200,200
1,h,48,2255,500,1400,100,200,200
1,h,49,2255,500,1400,100,200,200
1,h,50,2255,500,1400,100,200,200
1,h,51,2255,500,1400,100,200,200
1,h,52,2255,500,1400,100,200,200
1,h,53,2255,500,1400,100,200,200
1,h,54,2255,500,1400,100,200,200
1,h,55,2255,500,1400,100,200,200
1,h,56,2255,500,1400,100,200,200
1,h,57,2255,500,1400,100,200,200
1,h,58,2255,500,1400,100,200,200
1,h,59,2255,500,1400,100,200,200
1,h,60,2255,500,1400,100,200,200
1,h,61,2255,500,1400,100,200,200
1,h,62,2255,500,1400,100,200,200
1,h,63,2255,500,1400,100,200,200
2,l,0,2255,500,1400,100,200,200
2,l,1,2255,500,1400,100,200,200
2,l,2,2255,500,1400,100,200,200
2,l,3,2255,500,1400,100,200,200
2,l,4,2255,500,1400,100,200,200
2,l,5,2255,500,1400,100,200,200
2,l,6,2255,500,1400,100,200,200
2,l,7,2255,500,1400,100,200,200
2,l,8,2255,500,1400,100,200,200
2,l,9,2255,500,1400,100,200,200
2,l,10,2255,500,1400,100,200,200
2,l,11,2255,500,1400,100,200,200
2,l,12,2255,500,1400,100,200,200
2,l,13,2255,500,1400,100,200,200
2,l,14,2255,500,1400,100,200,200
2,l,15,2255,500,1400,100,200,200
2,l,16,2255,500,1400,100,200,200
2,l,17,2255,500,1400,100,200,200
2,l,18,2255,500,1400,100,200,200
2,l,19,2255,500,1400,100,200,200
2,l,20,2255,500,1400,100,200,200
2,l,21,2255,500,1400,100,200,200
2,l,22,2255,500,1400,100,200,200
2,l,23,2255,500,1400,100,200,200
2,l,24,2255,500,1400,100,200,200
2,l,25,2255,500,1400,100,200,200
2,l,26,2255,500,1400,100,200,200
2,l,27,2255,500,1400,100,200,200
2,l,28,2255,500,1400,100,200,200
2,l,29,2255,500,1400,100,200,200
2,l,30,2255,500,1400,100,200,200
2,l,31,2255,500,1400,100,200,200
2,l,32,2255,500,1400,100,200,200
2,l,33,2255,500,1400,100,200,200
2,l,34,2255,500,1400,100,200,200
2,l,35,2255,500,1400,100,200,200
2,l,36,2255,500,1400,100,200,200
2,l,37,2255,500,1400,100,200,200
2,l,38,2255,500,1400,100,200,200
2,l,39,2255,500,1400,100,200,200
2,l,40,2255,500,1400,100,200,200
2,l,41,2255,500,1400,100,200,200
2,l,42,2255,500,1400,100,200,200
2,l,43,2255,500,1400,100,200,200
2,l,44,2255,500,1400,100,200,200
2,l,45,2255,500,1400,100,200,200
2,l,46,2255,500,1400,100,200,200
2,l,47,2255,500,1400,100,200,200
2,l,48,2255,500,1400,100,200,200
2,l,49,2255,500,1400,100,200,200
2,l,50,2255,500,1400,100,200,200
2,l,51,2255,500,1400,100,200,200
2,l,52,2255,500,1400,100,200,200
2,l,53,2255,500,1400,100,200,200
2,l,54,2255,500,1400,100,200,200
2,l,55,2255,500,1400,100,200,200
2,l,56,2255,500,1400,100,200,200
2,l,57,2255,500,1400,100,200,200
2,l,58,2255,500,1400,100,200,200
2,l,59,2255,500,1400,100,200,200
2,l,60,2255,500,1400,100,200,200
2,l,61,2255,500,1400,100,200,200
2,l,62,2255,500,1400,100,200,200
2,l,63,2255,500,1400,100,200,200
2,l,64,2255,500,1400,100,200,200
2,h,65,2255,500,1400,100,200,200
2,h,0,2255,500,1400,100,200,200
2,h,1,2255,500,1400,100,200,200
2,h,2,2255,500,1400,100,200,200
2,h,3,2255,500,1400,100,200,200
2,h,4,2255,500,1400,100,200,200
2,h,5,2255,500,1400,100,200,200
2,h,6,2255,500,1400,100,200,200
2,h,7,2255,500,1400,100,200,200
2,h,8,2255,500,1400,100,200,200
2,h,9,2255,500,1400,100,200,200
2,h,10,2255,500,1400,100,200,200
2,h,11,2255,500,1400,100,200,200
2,h,12,2255,500,1400,100,200,200
2,h,13,2255,500,1400,100,200,200
2,h,14,2255,500,1400,100,200,200
2,h,15,2255,500,1400,100,200,200
2,h,16,2255,500,1400,100,200,200
2,h,17,2255,500,1400,100,200,200
2,h,18,2255,500,1400,100,200,200
2,h,19,2255,500,1400,100,200,200
2,h,20,2255,500,1400,100,200,200
2,h,21,2255,500,1400,100,200,200
2,h,22,2255,500,1400,100,200,200
2,h,23,2255,500,1400,100,200,200
2,h,24,2255,500,1400,100,200,200
2,h,25,2255,500,1400,100,200,200
2,h,26,2255,500,1400,100,200,200
2,h,27,2255,500,1400,100,200,200
2,h,28,2255,500,1400,100,200,200
2,h,29,2255,500,1400,100,200,200
2,h,30,2255,500,1400,100,200,200
2,h,31,2255,500,1400,100,200,200
2,h,32,2255,500,1400,100,200,200
2,h,33,2255,500,1400,100,200,200
2,h,34,2255,500,1400,100,200,200
2,h,35,2255,500,1400,100,200,200
2,h,36,2255,500,1400,100,200,200
2,h,37,2255,500,1400,100,200,200
2,h,38,2255,500,1400,100,200,200
2,h,39,2255,500,1400,100,200,200
2,h,40,2255,500,1400,100,200,200
2,h,41,2255,500,1400,100,200,200
2,h,42,2255,500,1400,100,200,200
2,h,43,2255,500,1400,100,200,200
2,h,44,2255,500,1400,100,200,200
2,h,45,2255,500,1400,100,200,200
2,h,46,2255,500,1400,100,200,200
2,h,47,2255,500,1400,100,200,200
2,h,48,2255,500,1400,100,200,200
2,h,49,2255,500,1400,100,200,200
2,h,50,2255,500,1400,100,200,200
2,h,51,2255,500,1400,100,200,200
2,h,52,2255,500,1400,100,200,200
2,h,53,2255,500,1400,100,200,200
2,h,54,2255,500,1400,100,200,200
2,h,55,2255,500,1400,100,200,200
2,h,56,2255,500,1400,100,200,200
2,h,57,2255,500,1400,100,200,200
2,h,58,2255,500,1400,100,200,200
2,h,59,2255,500,1400,100,200,200
2,h,60,2255,500,1400,100,200,200
2,h,61,2255,500,1400,100,200,200
2,h,62,2255,500,1400,100,200,200
2,h,63,2255,500,1400,100,200,200
3,l,0,2255,500,1400,100,200,200
3,l,1,2255,500,1400,100,200,200
3,l,2,2255,500,1400,100,200,200
3,l,3,2255,500,1400,100,200,200
3,l,4,2255,500,1400,100,200,200
3,l,5,2255,500,1400,100,200,200
3,l,6,2255,500,1400,100,200,200
3,l,7,2255,500,1400,100,200,200
3,l,8,2255,500,1400,100,200,200
3,l,9,2255,500,1400,100,200,200
3,l,10,2255,500,1400,100,200,200
3,l,11,2255,500,1400,100,200,200
3,l,12,2255,500,1400,100,200,200
3,l,13,2255,500,1400,100,200,200
3,l,14,2255,500,1400,100,200,200
3,l,15,2255,500,1400,100,200,200
3,l,16,2255,500,1400,100,200,200
3,l,17,2255,500,1400,100,200,200
3,l,18,2255,500,1400,100,200,200
3,l,19,2255,500,1400,100,200,200
3,l,20,2255,500,1400,100,200,200
3,l,21,2255,500,1400,100,200,200
3,l,22,2255,500,1400,100,200,200
3,l,23,2255,500,1400,100,200,200
3,l,24,2255,500,1400,100,200,200
3,l,25,2255,500,1400,100,200,200
3,l,26,2255,500,1400,100,200,200
3,l,27,2255,500,1400,100,200,200
3,l,28,2255,500,1400,100,200,200
3,l,29,2255,500,1400,100,200,200
3,l,30,2255,500,1400,100,200,200
3,l,31,2255,500,1400,100,200,200
3,l,32,2255,500,1400,100,200,200
3,l,33,2255,500,1400,100,200,200
3,l,34,2255,500,1400,100,200,200
3,l,35,2255,500,1400,100,200,200
3,l,36,2255,500,1400,100,200,200
3,l,37,2255,500,1400,100,200,200
3,l,38,2255,500,1400,100,200,200
3,l,39,2255,500,1400,100,200,200
3,l,40,2255,500,1400,100,200,200
3,l,41,2255,500,1400,100,200,200
3,l,42,2255,500,1400,100,200,200
3,l,43,2255,500,1400,100,200,200
3,l,44,2255,500,1400,100,200,200
3,l,45,2255,500,1400,100,200,200
3,l,46,2255,500,1400,100,200,200
3,l,47,2255,500,1400,100,200,200
3,l,48,2255,500,1400,100,200,200
3,l,49,2255,500,1400,100,200,200
3,l,50,2255,500,1400,100,200,200
3,l,51,2255,500,1400,100,200,200
3,l,52,2255,500,1400,100,200,200
3,l,53,2255,500,1400,100,200,200
3,l,54,2255,500,1400,100,200,200
3,l,55,2255,500,1400,100,200,200
3,l,56,2255,500,1400,100,200,200
3,l,57,2255,500,1400,100,200,200
3,l,58,2255,500,1400,100,200,200
3,l,59,2255,500,1400,100,200,200
3,l,60,2255,500,1400,100,200,200
3,l,61,2255,500,1400,100,200,200
3,l,62,2255,500,1400,100,200,200
3,l,63,2255,500,1400,100,200,200
3,l,64,2255,500,1400,100,200,200
3,h,65,2255,500,1400,100,200,200
3,h,0,2255,500,1400,100,200,200
3,h,1,2255,500,1400,100,200,200
3,h,2,2255,500,1400,100,200,200
3,h,3,2255,500,1400,100,200,200
3,h,4,2255,500,1400,100,200,200
3,h,5,2255,500,1400,100,200,200
3,h,6,2255,500,1400,100,200,200
3,h,7,2255,500,1400,100,200,200
3,h,8,2255,500,1400,100,200,200
3,h,9,2255,500,1400,100,200,200
3,h,10,2255,500,1400,100,200,200
3,h,11,2255,500,1400,100,200,200
3,h,12,2255,500,1400,100,200,200
3,h,13,2255,500,1400,100,200,200
3,h,14,2255,500,1400,100,200,200
3,h,15,2255,500,1400,100,200,200
3,h,16,2255,500,1400,100,200,200
3,h,17,2255,500,1400,100,200,200
3,h,18,2255,500,1400,100,200,200
3,h,19,2255,500,1400,100,200,200
3,h,20,2255,500,1400,100,200,200
3,h,21,2255,500,1400,100,200,200
3,h,22,2255,500,1400,100,200,200
3,h,23,2255,500,1400,100,200,200
3,h,24,2255,500,1400,100,200,200
3,h,25,2255,500,1400,100,200,200
3,h,26,2255,500,1400,100,200,200
3,h,27,2255,500,1400,100,200,200
3,h,28,2255,500,1400,100,200,200
3,h,29,2255,500,1400,100,200,200
3,h,30,2255,500,1400,100,200,200
3,h,31,2255,500,1400,100,200,200
3,h,32,2255,500,1400,100,200,200
3,h,33,2255,500,1400,100,200,200
3,h,34,2255,500,1400,100,200,200
3,h,35,2255,500,1400,100,200,200
3,h,36,2255,500,1400,100,200,200
3,h,37,2255,500,1400,100,200,200
3,h,38,2255,500,1400,100,200,200
3,h,39,2255,500,1400,100,200,200
3,h,40,2255,500,1400,100,200,200
3,h,41,2255,500,1400,100,200,200
3,h,42,2255,500,1400,100,200,200
3,h,43,2255,500,1400,100,200,200
3,h,44,2255,500,1400,100,200,200
3,h,45,2255,500,1400,100,200,200
3,h,46,2255,500,1400,100,200,200
3,h,47,2255,500,1400,100,200,200
3,h,48,2255,500,1400,100,200,200
3,h,49,2255,500,1400,100,200,200
3,h,50,2255,500,1400,100,200,200
3,h,51,2255,500,1400,100,200,200
3,h,52,2255,500,1400,100,200,200
3,h,53,2255,500,1400,100,200,200
3,h,54,2255,500,1400,100,200,200
3,h,55,2255,500,1400,100,200,200
3,h,56,2255,500,1400,100,200,200
3,h,57,2255,500,1400,100,200,200
3,h,58,2255,500,1400,100,200,200
3,h,59,2255,500,1400,100,200,200
3,h,60,2255,500,1400,100,200,200
3,h,61,2255,500,1400,100,200,200
3,h,62,2255,500,1400,100,200,200
3,h,63,2255,500,1400,100,200,200
4,l,0,2255,500,1400,100,200,200
4,l,1,2255,500,1400,100,200,200
4,l,2,2255,500,1400,100,200,200
4,l,3,2255,500,1400,100,200,200
4,l,4,2255,500,1400,100,200,200
4,l,5,2255,500,1400,100,200,200
4,l,6,2255,500,1400,100,200,200
4,l,7,2255,500,1400,100,200,200
4,l,8,2255,500,1400,100,200,200
4,l,9,2255,500,1400,100,200,200
4,l,10,2255,500,1400,100,200,200
4,l,11,2255,500,1400,100,200,200
4,l,12,2255,500,1400,100,200,200
4,l,13,2255,500,1400,100,200,200
4,l,14,2255,500,1400,100,200,200
4,l,15,2255,500,1400,100,200,200
4,l,16,2255,500,1400,100,200,200
4,l,17,2255,500,1400,100,200,200
4,l,18,2255,500,1400,100,200,200
4,l,19,2255,500,1400,100,200,200
4,l,20,2255,500,1400,100,200,200
4,l,21,2255,500,1400,100,200,200
4,l,22,2255,500,1400,100,200,200
4,l,23,2255,500,1400,100,200,200
4,l,24,2255,500,1400,100,200,200
4,l,25,2255,500,1400,100,200,200
4,l,26,2255,500,1400,100,200,200
4,l,27,2255,500,1400,100,200,200
4,l,28,2255,500,1400,100,200,200
4,l,29,2255,500,1400,100,200,200
4,l,30,2255,500,1400,100,200,200
4,l,31,2255,500,1400,100,200,200
4,l,32,2255,500,1400,100,200,200
4,l,33,2255,500,1400,100,200,200
4,l,34,2255,500,1400,100,200,200
4,l,35,2255,500,1400,100,200,200
4,l,36,2255,500,1400,100,200,200
4,l,37,2255,500,1400,100,200,200
4,l,38,2255,500,1400,100,200,200
4,l,39,2255,500,1400,100,200,200
4,l,40,2255,500,1400,100,200,200
4,l,41,2255,500,1400,100,200,200
4,l,42,2255,500,1400,100,200,200
4,l,43,2255,500,1400,100,200,200
4,l,44,2255,500,1400,100,200,200
4,l,45,2255,500,1400,100,200,200
4,l,46,2255,500,1400,100,200,200
4,l,47,2255,500,1400,100,200,200
4,l,48,2255,500,1400,100,200,200
4,l,49,2255,500,1400,100,200,200
4,l,50,2255,500,1400,100,200,200
4,l,51,2255,500,1400,100,200,200
4,l,52,2255,500,1400,100,200,200
4,l,53,2255,500,1400,100,200,200
4,l,54,2255,500,1400,100,200,200
4,l,55,2255,500,1400,100,200,200
4,l,56,2255,500,1400,100,200,200
4,l,57,2255,500,1400,100,200,200
4,l,58,2255,500,1400,100,200,200
4,l,59,2255,500,1400,100,200,200
4,l,60,2255,500,1400,100,200,200
4,l,61,2255,500,1400,100,200,200
4,l,62,2255,500,1400,100,200,200
4,l,63,2255,500,1400,100,200,200
4,l,64,2255,500,1400,100,200,200
4,h,65,2255,500,1400,100,200,200
4,h,0,2255,500,1400,100,200,200
4,h,1,2255,500,1400,100,200,200
4,h,2,2255,500,1400,100,200,200
4,h,3,2255,500,1400,100,200,200
4,h,4,2255,500,1400,100,200,200
4,h,5,2255,500,1400,100,200,200
4,h,6,2255,500,1400,100,200,200
4,h,7,2255,500,1400,100,200,200
4,h,8,2255,500,1400,100,200,200
4,h,9,2255,500,1400,100,200,200
4,h,10,2255,500,1400,100,200,200
4,h,11,2255,500,1400,100,200,200
4,h,12,2255,500,1400,100,200,200
4,h,13,2255,500,1400,100,200,200
4,h,14,2255,500,1400,100,200,200
4,h,15,2255,500,1400,100,200,200
4,h,16,2255,500,1400,100,200,200
4,h,17,2255,500,1400,100,200,200
4,h,18,2255,500,1400,100,200,200
4,h,19,2255,500,1400,100,200,200
4,h,20,2255,500,1400,100,200,200
4,h,21,2255,500,1400,100,200,200
4,h,22,2255,500,1400,100,200,200
4,h,23,2255,500,1400,100,200,200
4,h,24,2255,500,1400,100,200,200
4,h,25,2255,500,1400,100,200,200
4,h,26,2255,500,1400,100,200,200
4,h,27,2255,500,1400,100,200,200
4,h,28,2255,500,1400,100,200,200
4,h,29,2255,500,1400,100,200,200
4,h,30,2255,500,1400,100,200,200
4,h,31,2255,500,1400,100,200,200
4,h,32,2255,500,1400,100,200,200
4,h,33,2255,500,1400,100,200,200
4,h,34,2255,500,1400,100,200,200
4,h,35,2255,500,1400,100,200,200
4,h,36,2255,500,1400,100,200,200
4,h,37,2255,500,1400,100,200,200
4,h,38,2255,500,1400,100,200,200
4,h,39,2255,500,1400,100,200,200
4,h,40,2255,500,1400,100,200,200
4,h,41,2255,500,1400,100,200,200
4,h,42,2255,500,1400,100,200,200
4,h,43,2255,500,1400,100,200,200
4,h,44,2255,500,1400,100,200,200
4,h,45,2255,500,1400,100,200,200
4,h,46,2255,500,1400,100,200,200
4,h,47,2255,500,1400,100,200,200
4,h,48,2255,500,1400,100,200,200
4,h,49,2255,500,1400,100,200,200
4,h,50,2255,500,1400,100,200,200
4,h,51,2255,500,1400,100,200,200
4,h,52,2255,500,1400,100,200,200
4,h,53,2255,500,1400,100,200,200
4,h,54,2255,500,1400,100,200,200
4,h,55,2255,500,1400,100,200,200
4,h,56,2255,500,1400,100,200,200
4,h,57,2255,500,1400,100,200,200
4,h,58,2255,500,1400,100,200,200
4,h,59,2255,500,1400,100,200,200
4,h,60,2255,500,1400,100,200,200
4,h,61,2255,500,1400,100,200,200
4,h,62,2255,500,1400,100,200,200
4,h,63,2255,500,1400,100,200,200
5,l,0,2255,500,1400,100,200,200
5,l,1,2255,500,1400,100,200,200
5,l,2,2255,500,1400,100,200,200
5,l,3,2255,500,1400,100,200,200
5,l,4,2255,500,1400,100,200,200
5,l,5,2255,500,1400,100,200,200
5,l,6,2255,500,1400,100,200,200
5,l,7,2255,500,1400,100,200,200
5,l,8,2255,500,1400,100,200,200
5,l,9,2255,500,1400,100,200,200
5,l,10,2255,500,1400,100,200,200
5,l,11,2255,500,1400,100,200,200
5,l,12,2255,500,1400,100,200,200
5,l,13,2255,500,1400,100,200,200
5,l,14,2255,500,1400,100,200,200
5,l,15,2255,500,1400,100,200,200
5,l,16,2255,500,1400,100,200,200
5,l,17,2255,500,1400,100,200,200
5,l,18,2255,500,1400,100,200,200
5,l,19,2255,500,1400,100,200,200
5,l,20,2255,500,1400,100,200,200
5,l,21,2255,500,1400,100,200,200
5,l,22,2255,500,1400,100,200,200
5,l,23,2255,500,1400,100,200,200
5,l,24,2255,500,1400,100,200,200
5,l,25,2255,500,1400,100,200,200
5,l,26,2255,500,1400,100,200,200
5,l,27,2255,500,1400,100,200,200
5,l,28,2255,500,1400,100,200,200
5,l,29,2255,500,1400,100,200,200
5,l,30,2255,500,1400,100,200,200
5,l,31,2255,500,1400,100,200,200
5,l,32,2255,500,1400,100,200,200
5,l,33,2255,500,1400,100,200,200
5,l,34,2255,500,1400,100,200,200
5,l,35,2255,500,1400,100,200,200
5,l,36,2255,500,1400,100,200,200
5,l,37,2255,500,1400,100,200,200
5,l,38,2255,500,1400,100,200,200
5,l,39,2255,500,1400,100,200,200
5,l,40,2255,500,1400,100,200,200
5,l,41,2255,500,1400,100,200,200
5,l,42,2255,500,1400,100,200,200
5,l,43,2255,500,1400,100,200,200
5,l,44,2255,500,1400,100,200,200
5,l,45,2255,500,1400,100,200,200
5,l,46,2255,500,1400,100,200,200
5,l,47,2255,500,1400,100,200,200
5,l,48,2255,500,1400,100,200,200
5,l,49,2255,500,1400,100,200,200
5,l,50,2255,500,1400,100,200,200
5,l,51,2255,500,1400,100,200,200
5,l,52,2255,500,1400,100,200,200
5,l,53,2255,500,1400,100,200,200
5,l,54,2255,500,1400,100,200,200
5,l,55,2255,500,1400,100,200,200
5,l,56,2255,500,1400,100,200,200
5,l,57,2255,500,1400,100,200,200
5,l,58,2255,500,1400,100,200,200
5,l,59,2255,500,1400,100,200,200
5,l,60,2255,500,1400,100,200,200
5,l,61,2255,500,1400,100,200,200
5,l,62,2255,500,1400,100,200,200
5,l,63,2255,500,1400,100,200,200
5,l,64,2255,500,1400,100,200,200
5,h,65,2255,500,1400,100,200,200
5,h,0,2255,500,1400,100,200,200
5,h,1,2255,500,1400,100,200,200
5,h,2,2255,500,1400,100,200,200
5,h,3,2255,500,1400,100,200,200
5,h,4,2255,500,1400,100,200,200
5,h,5,2255,500,1400,100,200,200
5,h,6,2255,500,1400,100,200,200
5,h,7,2255,500,1400,100,200,200
5,h,8,2255,500,1400,100,200,200
5,h,9,2255,500,1400,100,200,200
5,h,10,2255,500,1400,100,200,200
5,h,11,2255,500,1400,100,200,200
5,h,12,2255,500,1400,100,200,200
5,h,13,2255,500,1400,100,200,200
5,h,14,2255,500,1400,100,200,200
5,h,15,2255,500,1400,100,200,200
5,h,16,2255,500,1400,100,200,200
5,h,17,2255,500,1400,100,200,200
5,h,18,2255,500,1400,100,200,200
5,h,19,2255,500,1400,100,200,200
5,h,20,2255,500,1400,100,200,200
5,h,21,2255,500,1400,100,200,200
5,h,22,2255,500,1400,100,200,200
5,h,23,2255,500,1400,100,200,200
5,h,24,2255,500,1400,100,200,200
5,h,25,2255,500,1400,100,200,200
5,h,26,2255,500,1400,100,200,200
5,h,27,2255,500,1400,100,200,200
5,h,28,2255,500,1400,100,200,200
5,h,29,2255,500,1400,100,200,200
5,h,30,2255,500,1400,100,200,200
5,h,31,2255,500,1400,100,200,200
5,h,32,2255,500,1400,100,200,200
5,h,33,2255,500,1400,100,200,200
5,h,34,2255,500,1400,100,200,200
5,h,35,2255,500,1400,100,200,200
5,h,36,2255,500,1400,100,200,200
5,h,37,2255,500,1400,100,200,200
5,h,38,2255,500,1400,100,200,200
5,h,39,2255,500,1400,100,200,200
5,h,40,2255,500,1400,100,200,200
5,h,41,2255,500,1400,100,200,200
5,h,42,2255,500,1400,100,200,200
5,h,43,2255,500,1400,100,200,200
5,h,44,2255,500,1400,100,200,200
5,h,45,2255,500,1400,100,200,200
5,h,46,2255,500,1400,100,200,200
5,h,47,2255,500,1400,100,200,200
5,h,48,2255,500,1400,100,200,200
5,h,49,2255,500,1400,100,200,200
5,h,50,2255,500,1400,100,200,200
5,h,51,2255,500,1400,100,200,200
5,h,52,2255,500,1400,100,200,200
5,h,53,2255,500,1400,100,200,200
5,h,54,2255,500,1400,100,200,200
5,h,55,2255,500,1400,100,200,200
5,h,56,2255,500,1400,100,200,200
5,h,57,2255,500,1400,100,200,200
5,h,58,2255,500,1400,100,200,200
5,h,59,2255,500,1400,100,200,200
5,h,60,2255,500,1400,100,200,200
5,h,61,2255,500,1400,100,200,200
5,h,62,2255,500,1400,100,200,200
5,h,63,2255,500,1400,100,200,200
6,l,0,2255,500,1400,100,200,200
6,l,1,2255,500,1400,100,200,200
6,l,2,2255,500,1400,100,200,200
6,l,3,2255,500,1400,100,200,200
6,l,4,2255,500,1400,100,200,200
6,l,5,2255,500,1400,100,200,200
6,l,6,2255,500,1400,100,200,200
6,l,7,2255,500,1400,100,200,200
6,l,8,2255,500,1400,100,200,200
6,l,9,2255,500,1400,100,200,200
6,l,10,2255,500,1400,100,200,200
6,l,11,2255,500,1400,100,200,200
6,l,12,2255,500,1400,100,200,200
6,l,13,2255,500,1400,100,200,200
6,l,14,2255,500,1400,100,200,200
6,l,15,2255,500,1400,100,200,200
6,l,16,2255,500,1400,100,200,200
6,l,17,2255,500,1400,100,200,200
6,l,18,2255,500,1400,100,200,200
6,l,19,2255,500,1400,100,200,200
6,l,20,2255,500,1400,100,200,200
6,l,21,2255,500,1400,100,200,200
6,l,22,2255,500,1400,100,200,200
6,l,23,2255,500,1400,100,200,200
6,l,24,2255,500,1400,100,200,200
6,l,25,2255,500,1400,100,200,200
6,l,26,2255,500,1400,100,200,200
6,l,27,2255,500,1400,100,200,200
6,l,28,2255,500,1400,100,200,200
6,l,29,2255,500,1400,100,200,200
6,l,30,2255,500,1400,100,200,200
6,l,31,2255,500,1400,100,200,200
6,l,32,2255,500,1400,100,200,200
6,l,33,2255,500,1400,100,200,200
6,l,34,2255,500,1400,100,200,200
6,l,35,2255,500,1400,100,200,200
6,l,36,2255,500,1400,100,200,200
6,l,37,2255,500,1400,100,200,200
6,l,38,2255,500,1400,100,200,200
6,l,39,2255,500,1400,100,200,200
6,l,40,2255,500,1400,100,200,200
6,l,41,2255,500,1400,100,200,200
6,l,42,2255,500,1400,100,200,200
6,l,43,2255,500,1400,100,200,200
6,l,44,2255,500,1400,100,200,200
6,l,45,2255,500,1400,100,200,200
6,l,46,2255,500,1400,100,200,200
6,l,47,2255,500,1400,100,200,200
6,l,48,2255,500,1400,100,200,200
6,l,49,2255,500,1400,100,200,200
6,l,50,2255,500,1400,100,200,200
6,l,51,2255,500,1400,100,200,200
6,l,52,2255,500,1400,100,200,200
6,l,53,2255,500,1400,100,200,200
6,l,54,2255,500,1400,100,200,200
6,l,55,2255,500,1400,100,200,200
6,l,56,2255,500,1400,100,200,200
6,l,57,2255,500,1400,100,200,200
6,l,58,2255,500,1400,100,200,200
6,l,59,2255,500,1400,100,200,200
6,l,60,2255,500,1400,100,200,200
6,l,61,2255,500,1400,100,200,200
6,l,62,2255,500,1400,100,200,200
6,l,63,2255,500,1400,100,200,200
6,l,64,2255,500,1400,100,200,200
6,h,65,2255,500,1400,100,200,200
6,h,0,2255,500,1400,100,200,200
6,h,1,2255,500,1400,100,200,200
6,h,2,2255,500,1400,100,200,200
6,h,3,2255,500,1400,100,200,200
6,h,4,2255,500,1400,100,200,200
6,h,5,2255,500,1400,100,200,200
6,h,6,2255,500,1400,100,200,200
6,h,7,2255,500,1400,100,200,200
6,h,8,2255,500,1400,100,200,200
6,h,9,2255,500,1400,100,200,200
6,h,10,2255,500,1400,100,200,200
6,h,11,2255,500,1400,100,200,200
6,h,12,2255,500,1400,100,200,200
6,h,13,2255,500,1400,100,200,200
6,h,14,2255,500,1400,100,200,200
6,h,15,2255,500,1400,100,200,200
6,h,16,2255,500,1400,100,200,200
6,h,17,2255,500,1400,100,200,200
6,h,18,2255,500,1400,100,200,200
6,h,19,2255,500,1400,100,200,200
6,h,20,2255,500,1400,100,200,200
6,h,21,2255,500,1400,100,200,200
6,h,22,2255,500,1400,100,200,200
6,h,23,2255,500,1400,100,200,200
6,h,24,2255,500,1400,100,200,200
6,h,25,2255,500,1400,100,200,200
6,h,26,2255,500,1400,100,200,200
6,h,27,2255,500,1400,100,200,200
6,h,28,2255,500,1400,100,200,200
6,h,29,2255,500,1400,100,200,200
6,h,30,2255,500,1400,100,200,200
6,h,31,2255,500,1400,100,200,200
6,h,32,2255,500,1400,100,200,200
6,h,33,2255,500,1400,100,200,200
6,h,34,2255,500,1400,100,200,200
6,h,35,2255,500,1400,100,200,200
6,h,36,2255,500,1400,100,200,200
6,h,37,2255,500,1400,100,200,200
6,h,38,2255,500,1400,100,200,200
6,h,39,2255,500,1400,100,200,200
6,h,40,2255,500,1400,100,200,200
6,h,41,2255,500,1400,100,200,200
6,h,42,2255,500,1400,100,200,200
6,h,43,2255,500,1400,100,200,200
6,h,44,2255,500,1400,100,200,200
6,h,45,2255,500,1400,100,200,200
6,h,46,2255,500,1400,100,200,200
6,h,47,2255,500,1400,100,200,200
6,h,48,2255,500,1400,100,200,200
6,h,49,2255,500,1400,100,200,200
6,h,50,2255,500,1400,100,200,200
6,h,51,2255,500,1400,100,200,200
6,h,52,2255,500,1400,100,200,200
6,h,53,2255,500,1400,100,200,200
6,h,54,2255,500,1400,100,200,200
6,h,55,2255,500,1400,100,200,200
6,h,56,2255,500,1400,100,200,200
6,h,57,2255,500,1400,100,200,200
6,h,58,2255,500,1400,100,200,200
6,h,59,2255,500,1400,100,200,200
6,h,60,2255,500,1400,100,200,200
6,h,61,2255,500,1400,100,200,200
6,h,62,2255,500,1400,100,200,200
6,h,63,2255,500,1400,100,200,200
7,l,0,2255,500,1400,100,200,200
7,l,1,2255,500,1400,100,200,200
7,l,2,2255,500,1400,100,200,200
7,l,3,2255,500,1400,100,200,200
7,l,4,2255,500,1400,100,200,200
7,l,5,2255,500,1400,100,200,200
7,l,6,2255,500,1400,100,200,200
7,l,7,2255,500,1400,100,200,200
7,l,8,2255,500,1400,100,200,200
7,l,9,2255,500,1400,100,200,200
7,l,10,2255,500,1400,100,200,200
7,l,11,2255,500,1400,100,200,200
7,l,12,2255,500,1400,100,200,200
7,l,13,2255,500,1400,100,200,200
7,l,14,2255,500,1400,100,200,200
7,l,15,2255,500,1400,100,200,200
7,l,16,2255,500,1400,100,200,200
7,l,17,2255,500,1400,100,200,200
7,l,18,2255,500,1400,100,200,200
7,l,19,2255,500,1400,100,200,200
7,l,20,2255,500,1400,100,200,200
7,l,21,2255,500,1400,100,200,200
7,l,22,2255,500,1400,100,200,200
7,l,23,2255,500,1400,100,200,200
7,l,24,2255,500,1400,100,200,200
7,l,25,2255,500,1400,100,200,200
7,l,26,2255,500,1400,100,200,200
7,l,27,2255,500,1400,100,200,200
7,l,28,2255,500,1400,100,200,200
7,l,29,2255,500,1400,100,200,200
7,l,30,2255,500,1400,100,200,200
7,l,31,2255,500,1400,100,200,200
7,l,32,2255,500,1400,100,200,200
7,l,33,2255,500,1400,100,200,200
7,l,34,2255,500,1400,100,200,200
7,l,35,2255,500,1400,100,200,200
7,l,36,2255,500,1400,100,200,200
7,l,37,2255,500,1400,100,200,200
7,l,38,2255,500,1400,100,200,200
7,l,39,2255,500,1400,100,200,200
7,l,40,2255,500,1400,100,200,200
7,l,41,2255,500,1400,100,200,200
7,l,42,2255,500,1400,100,200,200
7,l,43,2255,500,1400,100,200,200
7,l,44,2255,500,1400,100,200,200
7,l,45,2255,500,1400,100,200,200
7,l,46,2255,500,1400,100,200,200
7,l,47,2255,500,1400,100,200,200
7,l,48,2255,500,1400,100,200,200
7,l,49,2255,500,1400,100,200,200
7,l,50,2255,500,1400,100,200,200
7,l,51,2255,500,1400,100,200,200
7,l,52,2255,500,1400,100,200,200
7,l,53,2255,500,1400,100,200,200
7,l,54,2255,500,1400,100,200,200
7,l,55,2255,500,1400,100,200,200
7,l,56,2255,500,1400,100,200,200
7,l,57,2255,500,1400,100,200,200
7,l,58,2255,500,1400,100,200,200
7,l,59,2255,500,1400,100,200,200
7,l,60,2255,500,1400,100,200,200
7,l,61,2255,500,1400,100,200,200
7,l,62,2255,500,1400,100,200,200
7,l,63,2255,500,1400,100,200,200
7,l,64,2255,500,1400,100,200,200
7,h,65,2255,500,1400,100,200,200
7,h,0,2255,500,1400,100,200,200
7,h,1,2255,500,1400,100,200,200
7,h,2,2255,500,1400,100,200,200
7,h,3,2255,500,1400,100,200,200
7,h,4,2255,500,1400,100,200,200
7,h,5,2255,500,1400,100,200,200
7,h,6,2255,500,1400,100,200,200
7,h,7,2255,500,1400,100,200,200
7,h,8,2255,500,1400,100,200,200
7,h,9,2255,500,1400,100,200,200
7,h,10,2255,500,1400,100,200,200
7,h,11,2255,500,1400,100,200,200
7,h,12,2255,500,1400,100,200,200
7,h,13,2255,500,1400,100,200,200
7,h,14,2255,500,1400,100,200,200
7,h,15,2255,500,1400,100,200,200
7,h,16,2255,500,1400,100,200,200
7,h,17,2255,500,1400,100,200,200
7,h,18,2255,500,1400,100,200,200
7,h,19,2255,500,1400,100,200,200
7,h,20,2255,500,1400,100,200,200
7,h,21,2255,500,1400,100,200,200
7,h,22,2255,500,1400,100,200,200
7,h,23,2255,500,1400,100,200,200
7,h,24,2255,500,1400,100,200,200
7,h,25,2255,500,1400,100,200,200
7,h,26,2255,500,1400,100,200,200
7,h,27,2255,500,1400,100,200,200
7,h,28,2255,500,1400,100,200,200
7,h,29,2255,500,1400,100,200,200
7,h,30,2255,500,1400,100,200,200
7,h,31,2255,500,1400,100,200,200
7,h,32,2255,500,1400,100,200,200
7,h,33,2255,500,1400,100,200,200
7,h,34,2255,500,1400,100,200,200
7,h,35,2255,500,1400,100,200,200
7,h,36,2255,500,1400,100,200,200
7,h,37,2255,500,1400,100,200,200
7,h,38,2255,500,1400,100,200,200
7,h,39,2255,500,1400,100,200,200
7,h,40,2255,500,1400,100,200,200
7,h,41,2255,500,1400,100,200,200
7,h,42,2255,500,1400,100,200,200
7,h,43,2255,500,1400,100,200,200
7,h,44,2255,500,1400,100,200,200
7,h,45,2255,500,1400,100,200,200
7,h,46,2255,500,1400,100,200,200
7,h,47,2255,500,1400,100,200,200
7,h,48,2255,500,1400,100,200,200
7,h,49,2255,500,1400,100,200,200
7,h,50,2255,500,1400,100,200,200
7,h,51,2255,500,1400,100,200,200
7,h,52,2255,500,1400,100,200,200
7,h,53,2255,500,1400,100,200,200
7,h,54,2255,500,1400,100,200,200
7,h,55,2255,500,1400,100,200,200
7,h,56,2255,500,1400,100,200,200
7,h,57,2255,500,1400,100,200,200
7,h,58,2255,500,1400,100,200,200
7,h,59,2255,500,1400,100,200,200
7,h,60,2255,500,1400,100,200,200
7,h,61,2255,500,1400,100,200,200
7,h,62,2255,500,1400,100,200,200
7,h,63,2255,500,1400,100,200,200
8,l,0,2255,500,1400,100,200,200
8,l,1,2255,500,1400,100,200,200
8,l,2,2255,500,1400,100,200,200
8,l,3,2255,500,1400,100,200,200
8,l,4,2255,500,1400,100,200,200
8,l,5,2255,500,1400,100,200,200
8,l,6,2255,500,1400,100,200,200
8,l,7,2255,500,1400,100,200,200
8,l,8,2255,500,1400,100,200,200
8,l,9,2255,500,1400,100,200,200
8,l,10,2255,500,1400,100,200,200
8,l,11,2255,500,1400,100,200,200
8,l,12,2255,500,1400,100,200,200
8,l,13,2255,500,1400,100,200,200
8,l,14,2255,500,1400,100,200,200
8,l,15,2255,500,1400,100,200,200
8,l,16,2255,500,1400,100,200,200
8,l,17,2255,500,1400,100,200,200
8,l,18,2255,500,1400,100,200,200
8,l,19,2255,500,1400,100,200,200
8,l,20,2255,500,1400,100,200,200
8,l,21,2255,500,1400,100,200,200
8,l,22,2255,500,1400,100,200,200
8,l,23,2255,500,1400,100,200,200
8,l,24,2255,500,1400,100,200,200
8,l,25,2255,500,1400,100,200,200
8,l,26,2255,500,1400,100,200,200
8,l,27,2255,500,1400,100,200,200
8,l,28,2255,500,1400,100,200,200
8,l,29,2255,500,1400,100,200,200
8,l,30,2255,500,1400,100,200,200
8,l,31,2255,500,1400,100,200,200
8,l,32,2255,500,1400,100,200,200
8,l,33,2255,500,1400,100,200,200
8,l,34,2255,500,1400,100,200,200
8,l,35,2255,500,1400,100,200,200
8,l,36,2255,500,1400,100,200,200
8,l,37,2255,500,1400,100,200,200
8,l,38,2255,500,1400,100,200,200
8,l,39,2255,500,1400,100,200,200
8,l,40,2255,500,1400,100,200,200
8,l,41,2255,500,1400,100,200,200
8,l,42,2255,500,1400,100,200,200
8,l,43,2255,500,1400,100,200,200
8,l,44,2255,500,1400,100,200,200
8,l,45,2255,500,1400,100,200,200
8,l,46,2255,500,1400,100,200,200
8,l,47,2255,500,1400,100,200,200
8,l,48,2255,500,1400,100,200,200
8,l,49,2255,500,1400,100,200,200
8,l,50,2255,500,1400,100,200,200
8,l,51,2255,500,1400,100,200,200
8,l,52,2255,500,1400,100,200,200
8,l,53,2255,500,1400,100,200,200
8,l,54,2255,500,1400,100,200,200
8,l,55,2255,500,1400,100,200,200
8,l,56,2255,500,1400,100,200,200
8,l,57,2255,500,1400,100,200,200
8,l,58,2255,500,1400,100,200,200
8,l,59,2255,500,1400,100,200,200
8,l,60,2255,500,1400,100,200,200
8,l,61,2255,500,1400,100,200,200
8,l,62,2255,500,1400,100,200,200
8,l,63,2255,500,1400,100,200,200
8,l,64,2255,500,1400,100,200,200
8,h,65,2255,500,1400,100,200,200
8,h,0,2255,500,1400,100,200,200
8,h,1,2255,500,1400,100,200,200
8,h,2,2255,500,1400,100,200,200
8,h,3,2255,500,1400,100,200,200
8,h,4,2255,500,1400,100,200,200
8,h,5,2255,500,1400,100,200,200
8,h,6,2255,500,1400,100,200,200
8,h,7,2255,500,1400,100,200,200
8,h,8,2255,500,1400,100,200,200
8,h,9,2255,500,1400,100,200,200
8,h,10,2255,500,1400,100,200,200
8,h,11,2255,500,1400,100,200,200
8,h,12,2255,500,1400,100,200,200
8,h,13,2255,500,1400,100,200,200
8,h,14,2255,500,1400,100,200,200
8,h,15,2255,500,1400,100,200,200
8,h,16,2255,500,1400,100,200,200
8,h,17,2255,500,1400,100,200,200
8,h,18,2255,500,1400,100,200,200
8,h,19,2255,500,1400,100,200,200
8,h,20,2255,500,1400,100,200,200
8,h,21,2255,500,1400,100,200,200
8,h,22,2255,500,1400,100,200,200
8,h,23,2255,500,1400,100,200,200
8,h,24,2255,500,1400,100,200,200
8,h,25,2255,500,1400,100,200,200
8,h,26,2255,500,1400,100,200,200
8,h,27,2255,500,1400,100,200,200
8,h,28,2255,500,1400,100,200,200
8,h,29,2255,500,1400,100,200,200
8,h,30,2255,500,1400,100,200,200
8,h,31,2255,500,1400,100,200,200
8,h,32,2255,500,1400,100,200,200
8,h,33,2255,500,1400,100,200,200
8,h,34,2255,500,1400,100,200,200
8,h,35,2255,500,1400,100,200,200
8,h,36,2255,500,1400,100,200,200
8,h,37,2255,500,1400,100,200,200
8,h,38,2255,500,1400,100,200,200
8,h,39,2255,500,1400,100,200,200
8,h,40,2255,500,1400,100,200,200
8,h,41,2255,500,1400,100,200,200
8,h,42,2255,500,1400,100,200,200
8,h,43,2255,500,1400,100,200,200
8,h,44,2255,500,1400,100,200,200
8,h,45,2255,500,1400,100,200,200
8,h,46,2255,500,1400,100,200,200
8,h,47,2255,500,1400,100,200,200
8,h,48,2255,500,1400,100,200,200
8,h,49,2255,500,1400,100,200,200
8,h,50,2255,500,1400,100,200,200
8,h,51,2255,500,1400,100,200,200
8,h,52,2255,500,1400,100,200,200
8,h,53,2255,500,1400,100,200,200
8,h,54,2255,500,1400,100,200,200
8,h,55,2255,500,1400,100,200,200
8,h,56,2255,500,1400,100,200,200
8,h,57,2255,500,1400,100,200,200
8,h,58,2255,500,1400,100,200,200
8,h,59,2255,500,1400,100,200,200
8,h,60,2255,500,1400,100,200,200
8,h,61,2255,500,1400,100,200,200
8,h,62,2255,500,1400,100,200,200
8,h,63,2255,500,1400,100,200,200
9,l,0,2255,500,1400,100,200,200
9,l,1,2255,500,1400,100,200,200
9,l,2,2255,500,1400,100,200,200
9,l,3,2255,500,1400,100,200,200
9,l,4,2255,500,1400,100,200,200
9,l,5,2255,500,1400,100,200,200
9,l,6,2255,500,1400,100,200,200
9,l,7,2255,500,1400,100,200,200
9,l,8,2255,500,1400,100,200,200
9,l,9,2255,500,1400,100,200,200
9,l,10,2255,500,1400,100,200,200
9,l,11,2255,500,1400,100,200,200
9,l,12,2255,500,1400,100,200,200
9,l,13,2255,500,1400,100,200,200
9,l,14,2255,500,1400,100,200,200
9,l,15,2255,500,1400,100,200,200
9,l,16,2255,500,1400,100,200,200
9,l,17,2255,500,1400,100,200,200
9,l,18,2255,500,1400,100,200,200
9,l,19,2255,500,1400,100,200,200
9,l,20,2255,500,1400,100,200,200
9,l,21,2255,500,1400,100,200,200
9,l,22,2255,500,1400,100,200,200
9,l,23,2255,500,1400,100,200,200
9,l,24,2255,500,1400,100,200,200
9,l,25,2255,500,1400,100,200,200
9,l,26,2255,500,1400,100,200,200
9,l,27,2255,500,1400,100,200,200
9,l,28,2255,500,1400,100,200,200
9,l,29,2255,500,1400,100,200,200
9,l,30,2255,500,1400,100,200,200
9,l,31,2255,500,1400,100,200,200
9,l,32,2255,500,1400,100,200,200
9,l,33,2255,500,1400,100,200,200
9,l,34,2255,500,1400,100,200,200
9,l,35,2255,500,1400,100,200,200
9,l,36,2255,500,1400,100,200,200
9,l,37,2255,500,1400,100,200,200
9,l,38,2255,500,1400,100,200,200
9,l,39,2255,500,1400,100,200,200
9,l,40,2255,500,1400,100,200,200
9,l,41,2255,500,1400,100,200,200
9,l,42,2255,500,1400,100,200,200
9,l,43,2255,500,1400,100,200,200
9,l,44,2255,500,1400,100,200,200
9,l,45,2255,500,1400,100,200,200
9,l,46,2255,500,1400,100,200,200
9,l,47,2255,500,1400,100,200,200
9,l,48,2255,500,1400,100,200,200
9,l,49,2255,500,1400,100,200,200
9,l,50,2255,500,1400,100,200,200
9,l,51,2255,500,1400,100,200,200
9,l,52,2255,500,1400,100,200,200
9,l,53,2255,500,1400,100,200,200
9,l,54,2255,500,1400,100,200,200
9,l,55,2255,500,1400,100,200,200
9,l,56,2255,500,1400,100,200,200
9,l,57,2255,500,1400,100,200,200
9,l,58,2255,500,1400,100,200,200
9,l,59,2255,500,1400,100,200,200
9,l,60,2255,500,1400,100,200,200
9,l,61,2255,500,1400,100,200,200
9,l,62,2255,500,1400,100,200,200
9,l,63,2255,500,1400,100,200,200
9,l,64,2255,500,1400,100,200,200
9,h,65,2255,500,1400,100,200,200
9,h,0,2255,500,1400,100,200,200
9,h,1,2255,500,1400,100,200,200
9,h,2,2255,500,1400,100,200,200
9,h,3,2255,500,1400,100,200,200
9,h,4,2255,500,1400,100,200,200
9,h,5,2255,500,1400,100,200,200
9,h,6,2255,500,1400,100,200,200
9,h,7,2255,500,1400,100,200,200
9,h,8,2255,500,1400,100,200,200
9,h,9,2255,500,1400,100,200,200
9,h,10,2255,500,1400,100,200,200
9,h,11,2255,500,1400,100,200,200
9,h,12,2255,500,1400,100,200,200
9,h,13,2255,500,1400,100,200,200
9,h,14,2255,500,1400,100,200,200
9,h,15,2255,500,1400,100,200,200
9,h,16,2255,500,1400,100,200,200
9,h,17,2255,500,1400,100,200,200
9,h,18,2255,500,1400,100,200,200
9,h,19,2255,500,1400,100,200,200
9,h,20,2255,500,1400,100,200,200
9,h,21,2255,500,1400,100,200,200
9,h,22,2255,500,1400,100,200,200
9,h,23,2255,500,1400,100,200,200
9,h,24,2255,500,1400,100,200,200
9,h,25,2255,500,1400,100,200,200
9,h,26,2255,500,1400,100,200,200
9,h,27,2255,500,1400,100,200,200
9,h,28,2255,500,1400,100,200,200
9,h,29,2255,500,1400,100,200,200
9,h,30,2255,500,1400,100,200,200
9,h,31,2255,500,1400,100,200,200
9,h,32,2255,500,1400,100,200,200
9,h,33,2255,500,1400,100,200,200
9,h,34,2255,500,1400,100,200,200
9,h,35,2255,500,1400,100,200,200
9,h,36,2255,500,1400,100,200,200
9,h,37,2255,500,1400,100,200,200
9,h,38,2255,500,1400,100,200,200
9,h,39,2255,500,1400,100,200,200
9,h,40,2255,500,1400,100,200,200
9,h,41,2255,500,1400,100,200,200
9,h,42,2255,500,1400,100,200,200
9,h,43,2255,500,1400,100,200,200
9,h,44,2255,500,1400,100,200,200
9,h,45,2255,500,1400,100,200,200
9,h,46,2255,500,1400,100,200,200
9,h,47,2255,500,1400,100,200,200
9,h,48,2255,500,1400,100,200,200
9,h,49,2255,500,1400,100,200,200
9,h,50,2255,500,1400,100,200,200
9,h,51,2255,500,1400,100,200,200
9,h,52,2255,500,1400,100,200,200
9,h,53,2255,500,1400,100,200,200
9,h,54,2255,500,1400,100,200,200
9,h,55,2255,500,1400,100,200,200
9,h,56,2255,500,1400,100,200,200
9,h,57,2255,500,1400,100,200,200
9,h,58,2255,500,1400,100,200,200
9,h,59,2255,500,1400,100,200,200
9,h,60,2255,500,1400,100,200,200
9,h,61,2255,500,1400,100,200,200
9,h,62,2255,500,1400,100,200,200
9,h,63,2255,500,1400,100,200,200
10,l,0,2255,500,1400,100,200,200
10,l,1,2255,500,1400,100,200,200
10,l,2,2255,500,1400,100,200,200
10,l,3,2255,500,1400,100,200,200
10,l,4,2255,500,1400,100,200,200
10,l,5,2255,500,1400,100,200,200
10,l,6,2255,500,1400,100,200,200
10,l,7,2255,500,1400,100,200,200
10,l,8,2255,500,1400,100,200,200
10,l,9,2255,500,1400,100,200,200
10,l,10,2255,500,1400,100,200,200
10,l,11,2255,500,1400,100,200,200
10,l,12,2255,500,1400,100,200,200
10,l,13,2255,500,1400,100,200,200
10,l,14,2255,500,1400,100,200,200
10,l,15,2255,500,1400,100,200,200
10,l,16,2255,500,1400,100,200,200
10,l,17,2255,500,1400,100,200,200
10,l,18,2255,500,1400,100,200,200
10,l,19,2255,500,1400,100,200,200
10,l,20,2255,500,1400,100,200,200
10,l,21,2255,500,1400,100,200,200
10,l,22,2255,500,1400,100,200,200
10,l,23,2255,500,1400,100,200,200
10,l,24,2255,500,1400,100,200,200
10,l,25,2255,500,1400,100,200,200
10,l,26,2255,500,1400,100,200,200
10,l,27,2255,500,1400,100,200,200
10,l,28,2255,500,1400,100,200,200
10,l,29,2255,500,1400,100,200,200
10,l,30,2255,500,1400,100,200,200
10,l,31,2255,500,1400,100,200,200
10,l,32,2255,500,1400,100,200,200
10,l,33,2255,500,1400,100,200,200
10,l,34,2255,500,1400,100,200,200
10,l,35,2255,500,1400,100,200,200
10,l,36,2255,500,1400,100,200,200
10,l,37,2255,500,1400,100,200,200
10,l,38,2255,500,1400,100,200,200
10,l,39,2255,500,1400,100,200,200
10,l,40,2255,500,1400,100,200,200
10,l,41,2255,500,1400,100,200,200
10,l,42,2255,500,1400,100,200,200
10,l,43,2255,500,1400,100,200,200
10,l,44,2255,500,1400,100,200,200
10,l,45,2255,500,1400,100,200,200
10,l,46,2255,500,1400,100,200,200
10,l,47,2255,500,1400,100,200,200
10,l,48,2255,500,1400,100,200,200
10,l,49,2255,500,1400,100,200,200
10,l,50,2255,500,1400,100,200,200
10,l,51,2255,500,1400,100,200,200
10,l,52,2255,500,1400,100,200,200
10,l,53,2255,500,1400,100,200,200
10,l,54,2255,500,1400,100,200,200
10,l,55,2255,500,1400,100,200,200
10,l,56,2255,500,1400,100,200,200
10,l,57,2255,500,1400,100,200,200
10,l,58,2255,500,1400,100,200,200
10,l,59,2255,500,1400,100,200,200
10,l,60,2255,500,1400,100,200,200
10,l,61,2255,500,1400,100,200,200
10,l,62,2255,500,1400,100,200,200
10,l,63,2255,500,1400,100,200,200
10,l,64,2255,500,1400,100,200,200
10,h,65,2255,500,1400,100,200,200
10,h,0,2255,500,1400,100,200,200
10,h,1,2255,500,1400,100,200,200
10,h,2,2255,500,1400,100,200,200
10,h,3,2255,500,1400,100,200,200
10,h,4,2255,500,1400,100,200,200
10,h,5,2255,500,1400,100,200,200
10,h,6,2255,500,1400,100,200,200
10,h,7,2255,500,1400,100,200,200
10,h,8,2255,500,1400,100,200,200
10,h,9,2255,500,1400,100,200,200
10,h,10,2255,500,1400,100,200,200
10,h,11,2255,500,1400,100,200,200
10,h,12,2255,500,1400,100,200,200
10,h,13,2255,500,1400,100,200,200
10,h,14,2255,500,1400,100,200,200
10,h,15,2255,500,1400,100,200,200
10,h,16,2255,500,1400,100,200,200
10,h,17,2255,500,1400,100,200,200
10,h,18,2255,500,1400,100,200,200
10,h,19,2255,500,1400,100,200,200
10,h,20,2255,500,1400,100,200,200
10,h,21,2255,500,1400,100,200,200
10,h,22,2255,500,1400,100,200,200
10,h,23,2255,500,1400,100,200,200
10,h,24,2255,500,1400,100,200,200
10,h,25,2255,500,1400,100,200,200
10,h,26,2255,500,1400,100,200,200
10,h,27,2255,500,1400,100,200,200
10,h,28,2255,500,1400,100,200,200
10,h,29,2255,500,1400,100,200,200
10,h,30,2255,500,1400,100,200,200
10,h,31,2255,500,1400,100,200,200
10,h,32,2255,500,1400,100,200,200
10,h,33,2255,500,1400,100,200,200
10,h,34,2255,500,1400,100,200,200
10,h,35,2255,500,1400,100,200,200
10,h,36,2255,500,1400,100,200,200
10,h,37,2255,500,1400,100,200,200
10,h,38,2255,500,1400,100,200,200
10,h,39,2255,500,1400,100,200,200
10,h,40,2255,500,1400,100,200,200
10,h,41,2255,500,1400,100,200,200
10,h,42,2255,500,1400,100,200,200
10,h,43,2255,500,1400,100,200,200
10,h,44,2255,500,1400,100,200,200
10,h,45,2255,500,1400,100,200,200
10,h,46,2255,500,1400,100,200,200
10,h,47,2255,500,1400,100,200,200
10,h,48,2255,500,1400,100,200,200
10,h,49,2255,500,1400,100,200,200
10,h,50,2255,500,1400,100,200,200
10,h,51,2255,500,1400,100,200,200
10,h,52,2255,500,1400,100,200,200
10,h,53,2255,500,1400,100,200,200
10,h,54,2255,500,1400,100,200,200
10,h,55,2255,500,1400,100,200,200
10,h,56,2255,500,1400,100,200,200
10,h,57,2255,500,1400,100,200,200
10,h,58,2255,500,1400,100,200,200
10,h,59,2255,500,1400,100,200,200
10,h,60,2255,500,1400,100,200,200
10,h,61,2255,500,1400,100,200,200
10,h,62,2255,500,1400,100,200,200
10,h,63,2255,500,1400,100,200,200
11,l,0,2255,500,1400,100,200,200
11,l,1,2255,500,1400,100,200,200
11,l,2,2255,500,1400,100,200,200
11,l,3,2255,500,1400,100,200,200
11,l,4,2255,500,1400,100,200,200
11,l,5,2255,500,1400,100,200,200
11,l,6,2255,500,1400,100,200,200
11,l,7,2255,500,1400,100,200,200
11,l,8,2255,500,1400,100,200,200
11,l,9,2255,500,1400,100,200,200
11,l,10,2255,500,1400,100,200,200
11,l,11,2255,500,1400,100,200,200
11,l,12,2255,500,1400,100,200,200
11,l,13,2255,500,1400,100,200,200
11,l,14,2255,500,1400,100,200,200
11,l,15,2255,500,1400,100,200,200
11,l,16,2255,500,1400,100,200,200
11,l,17,2255,500,1400,100,200,200
11,l,18,2255,500,1400,100,200,200
11,l,19,2255,500,1400,100,200,200
11,l,20,2255,500,1400,100,200,200
11,l,21,2255,500,1400,100,200,200
11,l,22,2255,500,1400,100,200,200
11,l,23,2255,500,1400,100,200,200
11,l,24,2255,500,1400,100,200,200
11,l,25,2255,500,1400,100,200,200
11,l,26,2255,500,1400,100,200,200
11,l,27,2255,500,1400,100,200,200
11,l,28,2255,500,1400,100,200,200
11,l,29,2255,500,1400,100,200,200
11,l,30,2255,500,1400,100,200,200
11,l,31,2255,500,1400,100,200,200
11,l,32,2255,500,1400,100,200,200
11,l,33,2255,500,1400,100,200,200
11,l,34,2255,500,1400,100,200,200
11,l,35,2255,500,1400,100,200,200
11,l,36,2255,500,1400,100,200,200
11,l,37,2255,500,1400,100,200,200
11,l,38,2255,500,1400,100,200,200
11,l,39,2255,500,1400,100,200,200
11,l,40,2255,500,1400,100,200,200
11,l,41,2255,500,1400,100,200,200
11,l,42,2255,500,1400,100,200,200
11,l,43,2255,500,1400,100,200,200
11,l,44,2255,500,1400,100,200,200
11,l,45,2255,500,1400,100,200,200
11,l,46,2255,500,1400,100,200,200
11,l,47,2255,500,1400,100,200,200
11,l,48,2255,500,1400,100,200,200
11,l,49,2255,500,1400,100,200,200
11,l,50,2255,500,1400,100,200,200
11,l,51,2255,500,1400,100,200,200
11,l,52,2255,500,1400,100,200,200
11,l,53,2255,500,1400,100,200,200
11,l,54,2255,500,1400,100,200,200
11,l,55,2255,500,1400,100,200,200
11,l,56,2255,500,1400,100,200,200
11,l,57,2255,500,1400,100,200,200
11,l,58,2255,500,1400,100,200,200
11,l,59,2255,500,1400,100,200,200
11,l,60,2255,500,1400,100,200,200
11,l,61,2255,500,1400,100,200,200
11,l,62,2255,500,1400,100,200,200
11,l,63,2255,500,1400,100,200,200
11,l,64,2255,500,1400,100,200,200
11,h,65,2255,500,1400,100,200,200
11,h,0,2255,500,1400,100,200,200
11,h,1,2255,500,1400,100,200,200
11,h,2,2255,500,1400,100,200,200
11,h,3,2255,500,1400,100,200,200
11,h,4,2255,500,1400,100,200,200
11,h,5,2255,500,1400,100,200,200
11,h,6,2255,500,1400,100,200,200
11,h,7,2255,500,1400,100,200,200
11,h,8,2255,500,1400,100,200,200
11,h,9,2255,500,1400,100,200,200
11,h,10,2255,500,1400,100,200,200
11,h,11,2255,500,1400,100,200,200
11,h,12,2255,500,1400,100,200,200
11,h,13,2255,500,1400,100,200,200
11,h,14,2255,500,1400,100,200,200
11,h,15,2255,500,1400,100,200,200
11,h,16,2255,500,1400,100,200,200
11,h,17,2255,500,1400,100,200,200
11,h,18,2255,500,1400,100,200,200
11,h,19,2255,500,1400,100,200,200
11,h,20,2255,500,1400,100,200,200
11,h,21,2255,500,1400,100,200,200
11,h,22,2255,500,1400,100,200,200
11,h,23,2255,500,1400,100,200,200
11,h,24,2255,500,1400,100,200,200
11,h,25,2255,500,1400,100,200,200
11,h,26,2255,500,1400,100,200,200
11,h,27,2255,500,1400,100,200,200
11,h,28,2255,500,1400,100,200,200
11,h,29,2255,500,1400,100,200,200
11,h,30,2255,500,1400,100,200,200
11,h,31,2255,500,1400,100,200,200
11,h,32,2255,500,1400,100,200,200
11,h,33,2255,500,1400,100,200,200
11,h,34,2255,500,1400,100,200,200
11,h,35,2255,500,1400,100,200,200
11,h,36,2255,500,1400,100,200,200
11,h,37,2255,500,1400,100,200,200
11,h,38,2255,500,1400,100,200,200
11,h,39,2255,500,1400,100,200,200
11,h,40,2255,500,1400,100,200,200
11,h,41,2255,500,1400,100,200,200
11,h,42,2255,500,1400,100,200,200
11,h,43,2255,500,1400,100,200,200
11,h,44,2255,500,1400,100,200,200
11,h,45,2255,500,1400,100,200,200
11,h,46,2255,500,1400,100,200,200
11,h,47,2255,500,1400,100,200,200
11,h,48,2255,500,1400,100,200,200
11,h,49,2255,500,1400,100,200,200
11,h,50,2255,500,1400,100,200,200
11,h,51,2255,500,1400,100,200,200
11,h,52,2255,500,1400,100,200,200
11,h,53,2255,500,1400,100,200,200
11,h,54,2255,500,1400,100,200,200
11,h,55,2255,500,1400,100,200,200
11,h,56,2255,500,1400,100,200,200
11,h,57,2255,500,1400,100,200,200
11,h,58,2255,500,1400,100,200,200
11,h,59,2255,500,1400,100,200,200
11,h,60,2255,500,1400,100,200,200
11,h,61,2255,500,1400,100,200,200
11,h,62,2255,500,1400,100,200,200
11,h,63,2255,500,1400,100,200,200
12,l,0,2255,500,1400,100,200,200
12,l,1,2255,500,1400,100,200,200
12,l,2,2255,500,1400,100,200,200
12,l,3,2255,500,1400,100,200,200
12,l,4,2255,500,1400,100,200,200
12,l,5,2255,500,1400,100,200,200
12,l,6,2255,500,1400,100,200,200
12,l,7,2255,500,1400,100,200,200
12,l,8,2255,500,1400,100,200,200
12,l,9,2255,500,1400,100,200,200
12,l,10,2255,500,1400,100,200,200
12,l,11,2255,500,1400,100,200,200
12,l,12,2255,500,1400,100,200,200
12,l,13,2255,500,1400,100,200,200
12,l,14,2255,500,1400,100,200,200
12,l,15,2255,500,1400,100,200,200
12,l,16,2255,500,1400,100,200,200
12,l,17,2255,500,1400,100,200,200
12,l,18,2255,500,1400,100,200,200
12,l,19,2255,500,1400,100,200,200
12,l,20,2255,500,1400,100,200,200
12,l,21,2255,500,1400,100,200,200
12,l,22,2255,500,1400,100,200,200
12,l,23,2255,500,1400,100,200,200
12,l,24,2255,500,1400,100,200,200
12,l,25,2255,500,1400,100,200,200
12,l,26,2255,500,1400,100,200,200
12,l,27,2255,500,1400,100,200,200
12,l,28,2255,500,1400,100,200,200
12,l,29,2255,500,1400,100,200,200
12,l,30,2255,500,1400,100,200,200
12,l,31,2255,500,1400,100,200,200
12,l,32,2255,500,1400,100,200,200
12,l,33,2255,500,1400,100,200,200
12,l,34,2255,500,1400,100,200,200
12,l,35,2255,500,1400,100,200,200
12,l,36,2255,500,1400,100,200,200
12,l,37,2255,500,1400,100,200,200
12,l,38,2255,500,1400,100,200,200
12,l,39,2255,500,1400,100,200,200
12,l,40,2255,500,1400,100,200,200
12,l,41,2255,500,1400,100,200,200
12,l,42,2255,500,1400,100,200,200
12,l,43,2255,500,1400,100,200,200
12,l,44,2255,500,1400,100,200,200
12,l,45,2255,500,1400,100,200,200
12,l,46,2255,500,1400,100,200,200
12,l,47,2255,500,1400,100,200,200
12,l,48,2255,500,1400,100,200,200
12,l,49,2255,500,1400,100,200,200
12,l,50,2255,500,1400,100,200,200
12,l,51,2255,500,1400,100,200,200
12,l,52,2255,500,1400,100,200,200
12,l,53,2255,500,1400,100,200,200
12,l,54,2255,500,1400,100,200,200
12,l,55,2255,500,1400,100,200,200
12,l,56,2255,500,1400,100,200,200
12,l,57,2255,500,1400,100,200,200
12,l,58,2255,500,1400,100,200,200
12,l,59,2255,500,1400,100,200,200
12,l,60,2255,500,1400,100,200,200
12,l,61,2255,500,1400,100,200,200
12,l,62,2255,500,1400,100,200,200
12,l,63,2255,500,1400,100,200,200
12,l,64,2255,500,1400,100,200,200
12,h,65,2255,500,1400,100,200,200
12,h,0,2255,500,1400,100,200,200
12,h,1,2255,500,1400,100,200,200
12,h,2,2255,500,1400,100,200,200
12,h,3,2255,500,1400,100,200,200
12,h,4,2255,500,1400,100,200,200
12,h,5,2255,500,1400,100,200,200
12,h,6,2255,500,1400,100,200,200
12,h,7,2255,500,1400,100,200,200
12,h,8,2255,500,1400,100,200,200
12,h,9,2255,500,1400,100,200,200
12,h,10,2255,500,1400,100,200,200
12,h,11,2255,500,1400,100,200,200
12,h,12,2255,500,1400,100,200,200
12,h,13,2255,500,1400,100,200,200
12,h,14,2255,500,1400,100,200,200
12,h,15,2255,500,1400,100,200,200
12,h,16,2255,500,1400,100,200,200
12,h,17,2255,500,1400,100,200,200
12,h,18,2255,500,1400,100,200,200
12,h,19,2255,500,1400,100,200,200
12,h,20,2255,500,1400,100,200,200
12,h,21,2255,500,1400,100,200,200
12,h,22,2255,500,1400,100,200,200
12,h,23,2255,500,1400,100,200,200
12,h,24,2255,500,1400,100,200,200
12,h,25,2255,500,1400,100,200,200
12,h,26,2255,500,1400,100,200,200
12,h,27,2255,500,1400,100,200,200
12,h,28,2255,500,1400,100,200,200
12,h,29,2255,500,1400,100,200,200
12,h,30,2255,500,1400,100,200,200
12,h,31,2255,500,1400,100,200,200
12,h,32,2255,500,1400,100,200,200
12,h,33,2255,500,1400,100,200,200
12,h,34,2255,500,1400,100,200,200
12,h,35,2255,500,1400,100,200,200
12,h,36,2255,500,1400,100,200,200
12,h,37,2255,500,1400,100,200,200
12,h,38,2255,500,1400,100,200,200
12,h,39,2255,500,1400,100,200,200
12,h,40,2255,500,1400,100,200,200
12,h,41,2255,500,1400,100,200,200
12,h,42,2255,500,1400,100,200,200
12,h,43,2255,500,1400,100,200,200
12,h,44,2255,500,1400,100,200,200
12,h,45,2255,500,1400,100,200,200
12,h,46,2255,500,1400,100,200,200
12,h,47,2255,500,1400,100,200,200
12,h,48,2255,500,1400,100,200,200
12,h,49,2255,500,1400,100,200,200
12,h,50,2255,500,1400,100,200,200
12,h,51,2255,500,1400,100,200,200
12,h,52,2255,500,1400,100,200,200
12,h,53,2255,500,1400,100,200,200
12,h,54,2255,500,1400,100,200,200
12,h,55,2255,500,1400,100,200,200
12,h,56,2255,500,1400,100,200,200
12,h,57,2255,500,1400,100,200,200
12,h,58,2255,500,1400,100,200,200
12,h,59,2255,500,1400,100,200,200
12,h,60,2255,500,1400,100,200,200
12,h,61,2255,500,1400,100,200,200
12,h,62,2255,500,1400,100,200,200
12,h,63,2255,500,1400,100,200,200
13,l,0,2255,500,1400,100,200,200
13,l,1,2255,500,1400,100,200,200
13,l,2,2255,500,1400,100,200,200
13,l,3,2255,500,1400,100,200,200
13,l,4,2255,500,1400,100,200,200
13,l,5,2255,500,1400,100,200,200
13,l,6,2255,500,1400,100,200,200
13,l,7,2255,500,1400,100,200,200
13,l,8,2255,500,1400,100,200,200
13,l,9,2255,500,1400,100,200,200
13,l,10,2255,500,1400,100,200,200
13,l,11,2255,500,1400,100,200,200
13,l,12,2255,500,1400,100,200,200
13,l,13,2255,500,1400,100,200,200
13,l,14,2255,500,1400,100,200,200
13,l,15,2255,500,1400,100,200,200
13,l,16,2255,500,1400,100,200,200
13,l,17,2255,500,1400,100,200,200
13,l,18,2255,500,1400,100,200,200
13,l,19,2255,500,1400,100,200,200
13,l,20,2255,500,1400,100,200,200
13,l,21,2255,500,1400,100,200,200
13,l,22,2255,500,1400,100,200,200
13,l,23,2255,500,1400,100,200,200
13,l,24,2255,500,1400,100,200,200
13,l,25,2255,500,1400,100,200,200
13,l,26,2255,500,1400,100,200,200
13,l,27,2255,500,1400,100,200,200
13,l,28,2255,500,1400,100,200,200
13,l,29,2255,500,1400,100,200,200
13,l,30,2255,500,1400,100,200,200
13,l,31,2255,500,1400,100,200,200
13,l,32,2255,500,1400,100,200,200
13,l,33,2255,500,1400,100,200,200
13,l,34,2255,500,1400,100,200,200
13,l,35,2255,500,1400,100,200,200
13,l,36,2255,500,1400,100,200,200
13,l,37,2255,500,1400,100,200,200
13,l,38,2255,500,1400,100,200,200
13,l,39,2255,500,1400,100,200,200
13,l,40,2255,500,1400,100,200,200
13,l,41,2255,500,1400,100,200,200
13,l,42,2255,500,1400,100,200,200
13,l,43,2255,500,1400,100,200,200
13,l,44,2255,500,1400,100,200,200
13,l,45,2255,500,1400,100,200,200
13,l,46,2255,500,1400,100,200,200
13,l,47,2255,500,1400,100,200,200
13,l,48,2255,500,1400,100,200,200
13,l,49,2255,500,1400,100,200,200
13,l,50,2255,500,1400,100,200,200
13,l,51,2255,500,1400,100,200,200
13,l,52,2255,500,1400,100,200,200
13,l,53,2255,500,1400,100,200,200
13,l,54,2255,500,1400,100,200,200
13,l,55,2255,500,1400,100,200,200
13,l,56,2255,500,1400,100,200,200
13,l,57,2255,500,1400,100,200,200
13,l,58,2255,500,1400,100,200,200
13,l,59,2255,500,1400,100,200,200
13,l,60,2255,500,1400,100,200,200
13,l,61,2255,500,1400,100,200,200
13,l,62,2255,500,1400,100,200,200
13,l,63,2255,500,1400,100,200,200
13,l,64,2255,500,1400,100,200,200
13,h,65,2255,500,1400,100,200,200
13,h,0,2255,500,1400,100,200,200
13,h,1,2255,500,1400,100,200,200
13,h,2,2255,500,1400,100,200,200
13,h,3,2255,500,1400,100,200,200
13,h,4,2255,500,1400,100,200,200
13,h,5,2255,500,1400,100,200,200
13,h,6,2255,500,1400,100,200,200
13,h,7,2255,500,1400,100,200,200
13,h,8,2255,500,1400,100,200,200
13,h,9,2255,500,1400,100,200,200
13,h,10,2255,500,1400,100,200,200
13,h,11,2255,500,1400,100,200,200
13,h,12,2255,500,1400,100,200,200
13,h,13,2255,500,1400,100,200,200
13,h,14,2255,500,1400,100,200,200
13,h,15,2255,500,1400,100,200,200
13,h,16,2255,500,1400,100,200,200
13,h,17,2255,500,1400,100,200,200
13,h,18,2255,500,1400,100,200,200
13,h,19,2255,500,1400,100,200,200
13,h,20,2255,500,1400,100,200,200
13,h,21,2255,500,1400,100,200,200
13,h,22,2255,500,1400,100,200,200
13,h,23,2255,500,1400,100,200,200
13,h,24,2255,500,1400,100,200,200
13,h,25,2255,500,1400,100,200,200
13,h,26,2255,500,1400,100,200,200
13,h,27,2255,500,1400,100,200,200
13,h,28,2255,500,1400,100,200,200
13,h,29,2255,500,1400,100,200,200
13,h,30,2255,500,1400,100,200,200
13,h,31,2255,500,1400,100,200,200
13,h,32,2255,500,1400,100,200,200
13,h,33,2255,500,1400,100,200,200
13,h,34,2255,500,1400,100,200,200
13,h,35,2255,500,1400,100,200,200
13,h,36,2255,500,1400,100,200,200
13,h,37,2255,500,1400,100,200,200
13,h,38,2255,500,1400,100,200,200
13,h,39,2255,500,1400,100,200,200
13,h,40,2255,500,1400,100,200,200
13,h,41,2255,500,1400,100,200,200
13,h,42,2255,500,1400,100,200,200
13,h,43,2255,500,1400,100,200,200
13,h,44,2255,500,1400,100,200,200
13,h,45,2255,500,1400,100,200,200
13,h,46,2255,500,1400,100,200,200
13,h,47,2255,500,1400,100,200,200
13,h,48,2255,500,1400,100,200,200
13,h,49,2255,500,1400,100,200,200
13,h,50,2255,500,1400,100,200,200
13,h,51,2255,500,1400,100,200,200
13,h,52,2255,500,1400,100,200,200
13,h,53,2255,500,1400,100,200,200
13,h,54,2255,500,1400,100,200,200
13,h,55,2255,500,1400,100,200,200
13,h,56,2255,500,1400,100,200,200
13,h,57,2255,500,1400,100,200,200
13,h,58,2255,500,1400,100,200,200
13,h,59,2255,500,1400,100,200,200
13,h,60,2255,500,1400,100,200,200
13,h,61,2255,500,1400,100,200,200
13,h,62,2255,500,1400,100,200,200
13,h,63,2255,500,1400,100,200,200
14,l,0,2255,500,1400,100,200,200
14,l,1,2255,500,1400,100,200,200
14,l,2,2255,500,1400,100,200,200
14,l,3,2255,500,1400,100,200,200
14,l,4,2255,500,1400,100,200,200
14,l,5,2255,500,1400,100,200,200
14,l,6,2255,500,1400,100,200,200
14,l,7,2255,500,1400,100,200,200
14,l,8,2255,500,1400,100,200,200
14,l,9,2255,500,1400,100,200,200
14,l,10,2255,500,1400,100,200,200
14,l,11,2255,500,1400,100,200,200
14,l,12,2255,500,1400,100,200,200
14,l,13,2255,500,1400,100,200,200
14,l,14,2255,500,1400,100,200,200
14,l,15,2255,500,1400,100,200,200
14,l,16,2255,500,1400,100,200,200
14,l,17,2255,500,1400,100,200,200
14,l,18,2255,500,1400,100,200,200
14,l,19,2255,500,1400,100,200,200
14,l,20,2255,500,1400,100,200,200
14,l,21,2255,500,1400,100,200,200
14,l,22,2255,500,1400,100,200,200
14,l,23,2255,500,1400,100,200,200
14,l,24,2255,500,1400,100,200,200
14,l,25,2255,500,1400,100,200,200
14,l,26,2255,500,1400,100,200,200
14,l,27,2255,500,1400,100,200,200
14,l,28,2255,500,1400,100,200,200
14,l,29,2255,500,1400,100,200,200
14,l,30,2255,500,1400,100,200,200
14,l,31,2255,500,1400,100,200,200
14,l,32,2255,500,1400,100,200,200
14,l,33,2255,500,1400,100,200,200
14,l,34,2255,500,1400,100,200,200
14,l,35,2255,500,1400,100,200,200
14,l,36,2255,500,1400,100,200,200
14,l,37,2255,500,1400,100,200,200
14,l,38,2255,500,1400,100,200,200
14,l,39,2255,500,1400,100,200,200
14,l,40,2255,500,1400,100,200,200
14,l,41,2255,500,1400,100,200,200
14,l,42,2255,500,1400,100,200,200
14,l,43,2255,500,1400,100,200,200
14,l,44,2255,500,1400,100,200,200
14,l,45,2255,500,1400,100,200,200
14,l,46,2255,500,1400,100,200,200
14,l,47,2255,500,1400,100,200,200
14,l,48,2255,500,1400,100,200,200
14,l,49,2255,500,1400,100,200,200
14,l,50,2255,500,1400,100,200,200
14,l,51,2255,500,1400,100,200,200
14,l,52,2255,500,1400,100,200,200
14,l,53,2255,500,1400,100,200,200
14,l,54,2255,500,1400,100,200,200
14,l,55,2255,500,1400,100,200,200
14,l,56,2255,500,1400,100,200,200
14,l,57,2255,500,1400,100,200,200
14,l,58,2255,500,1400,100,200,200
14,l,59,2255,500,1400,100,200,200
14,l,60,2255,500,1400,100,200,200
14,l,61,2255,500,1400,100,200,200
14,l,62,2255,500,1400,100,200,200
14,l,63,2255,500,1400,100,200,200
14,l,64,2255,500,1400,100,200,200
14,h,65,2255,500,1400,100,200,200
14,h,0,2255,500,1400,100,200,200
14,h,1,2255,500,1400,100,200,200
14,h,2,2255,500,1400,100,200,200
14,h,3,2255,500,1400,100,200,200
14,h,4,2255,500,1400,100,200,200
14,h,5,2255,500,1400,100,200,200
14,h,6,2255,500,1400,100,200,200
14,h,7,2255,500,1400,100,200,200
14,h,8,2255,500,1400,100,200,200
14,h,9,2255,500,1400,100,200,200
14,h,10,2255,500,1400,100,200,200
14,h,11,2255,500,1400,100,200,200
14,h,12,2255,500,1400,100,200,200
14,h,13,2255,500,1400,100,200,200
14,h,14,2255,500,1400,100,200,200
14,h,15,2255,500,1400,100,200,200
14,h,16,2255,500,1400,100,200,200
14,h,17,2255,500,1400,100,200,200
14,h,18,2255,500,1400,100,200,200
14,h,19,2255,500,1400,100,200,200
14,h,20,2255,500,1400,100,200,200
14,h,21,2255,500,1400,100,200,200
14,h,22,2255,500,1400,100,200,200
14,h,23,2255,500,1400,100,200,200
14,h,24,2255,500,1400,100,200,200
14,h,25,2255,500,1400,100,200,200
14,h,26,2255,500,1400,100,200,200
14,h,27,2255,500,1400,100,200,200
14,h,28,2255,500,1400,100,200,200
14,h,29,2255,500,1400,100,200,200
14,h,30,2255,500,1400,100,200,200
14,h,31,2255,500,1400,100,200,200
14,h,32,2255,500,1400,100,200,200
14,h,33,2255,500,1400,100,200,200
14,h,34,2255,500,1400,100,200,200
14,h,35,2255,500,1400,100,200,200
14,h,36,2255,500,1400,100,200,200
14,h,37,2255,500,1400,100,200,200
14,h,38,2255,500,1400,100,200,200
14,h,39,2255,500,1400,100,200,200
14,h,40,2255,500,1400,100,200,200
14,h,41,2255,500,1400,100,200,200
14,h,42,2255,500,1400,100,200,200
14,h,43,2255,500,1400,100,200,200
14,h,44,2255,500,1400,100,200,200
14,h,45,2255,500,1400,100,200,200
14,h,46,2255,500,1400,100,200,200
14,h,47,2255,500,1400,100,200,200
14,h,48,2255,500,1400,100,200,200
14,h,49,2255,500,1400,100,200,200
14,h,50,2255,500,1400,100,200,200
14,h,51,2255,500,1400,100,200,200
14,h,52,2255,500,1400,100,200,200
14,h,53,2255,500,1400,100,200,200
14,h,54,2255,500,1400,100,200,200
14,h,55,2255,500,1400,100,200,200
14,h,56,2255,500,1400,100,200,200
14,h,57,2255,500,1400,100,200,200
14,h,58,2255,500,1400,100,200,200
14,h,59,2255,500,1400,100,200,200
14,h,60,2255,500,1400,100,200,200
14,h,61,2255,500,1400,100,200,200
14,h,62,2255,500,1400,100,200,200
14,h,63,2255,500,1400,100,200,200
15,l,0,2255,500,1400,100,200,200
15,l,1,2255,500,1400,100,200,200
15,l,2,2255,500,1400,100,200,200
15,l,3,2255,500,1400,100,200,200
15,l,4,2255,500,1400,100,200,200
15,l,5,2255,500,1400,100,200,200
15,l,6,2255,500,1400,100,200,200
15,l,7,2255,500,1400,100,200,200
15,l,8,2255,500,1400,100,200,200
15,l,9,2255,500,1400,100,200,200
15,l,10,2255,500,1400,100,200,200
15,l,11,2255,500,1400,100,200,200
15,l,12,2255,500,1400,100,200,200
15,l,13,2255,500,1400,100,200,200
15,l,14,2255,500,1400,100,200,200
15,l,15,2255,500,1400,100,200,200
15,l,16,2255,500,1400,100,200,200
15,l,17,2255,500,1400,100,200,200
15,l,18,2255,500,1400,100,200,200
15,l,19,2255,500,1400,100,200,200
15,l,20,2255,500,1400,100,200,200
15,l,21,2255,500,1400,100,200,200
15,l,22,2255,500,1400,100,200,200
15,l,23,2255,500,1400,100,200,200
15,l,24,2255,500,1400,100,200,200
15,l,25,2255,500,1400,100,200,200
15,l,26,2255,500,1400,100,200,200
15,l,27,2255,500,1400,100,200,200
15,l,28,2255,500,1400,100,200,200
15,l,29,2255,500,1400,100,200,200
15,l,30,2255,500,1400,100,200,200
15,l,31,2255,500,1400,100,200,200
15,l,32,2255,500,1400,100,200,200
15,l,33,2255,500,1400,100,200,200
15,l,34,2255,500,1400,100,200,200
15,l,35,2255,500,1400,100,200,200
15,l,36,2255,500,1400,100,200,200
15,l,37,2255,500,1400,100,200,200
15,l,38,2255,500,1400,100,200,200
15,l,39,2255,500,1400,100,200,200
15,l,40,2255,500,1400,100,200,200
15,l,41,2255,500,1400,100,200,200
15,l,42,2255,500,1400,100,200,200
15,l,43,2255,500,1400,100,200,200
15,l,44,2255,500,1400,100,200,200
15,l,45,2255,500,1400,100,200,200
15,l,46,2255,500,1400,100,200,200
15,l,47,2255,500,1400,100,200,200
15,l,48,2255,500,1400,100,200,200
15,l,49,2255,500,1400,100,200,200
15,l,50,2255,500,1400,100,200,200
15,l,51,2255,500,1400,100,200,200
15,l,52,2255,500,1400,100,200,200
15,l,53,2255,500,1400,100,200,200
15,l,54,2255,500,1400,100,200,200
15,l,55,2255,500,1400,100,200,200
15,l,56,2255,500,1400,100,200,200
15,l,57,2255,500,1400,100,200,200
15,l,58,2255,500,1400,100,200,200
15,l,59,2255,500,1400,100,200,200
15,l,60,2255,500,1400,100,200,200
15,l,61,2255,500,1400,100,200,200
15,l,62,2255,500,1400,100,200,200
15,l,63,2255,500,1400,100,200,200
15,l,64,2255,500,1400,100,200,200
15,h,65,2255,500,1400,100,200,200
15,h,0,2255,500,1400,100,200,200
15,h,1,2255,500,1400,100,200,200
15,h,2,2255,500,1400,100,200,200
15,h,3,2255,500,1400,100,200,200
15,h,4,2255,500,1400,100,200,200
15,h,5,2255,500,1400,100,200,200
15,h,6,2255,500,1400,100,200,200
15,h,7,2255,500,1400,100,200,200
15,h,8,2255,500,1400,100,200,200
15,h,9,2255,500,1400,100,200,200
15,h,10,2255,500,1400,100,200,200
15,h,11,2255,500,1400,100,200,200
15,h,12,2255,500,1400,100,200,200
15,h,13,2255,500,1400,100,200,200
15,h,14,2255,500,1400,100,200,200
15,h,15,2255,500,1400,100,200,200
15,h,16,2255,500,1400,100,200,200
15,h,17,2255,500,1400,100,200,200
15,h,18,2255,500,1400,100,200,200
15,h,19,2255,500,1400,100,200,200
15,h,20,2255,500,1400,100,200,200
15,h,21,2255,500,1400,100,200,200
15,h,22,2255,500,1400,100,200,200
15,h,23,2255,500,1400,100,200,200
15,h,24,2255,500,1400,100,200,200
15,h,25,2255,500,1400,100,200,200
15,h,26,2255,500,1400,100,200,200
15,h,27,2255,500,1400,100,200,200
15,h,28,2255,500,1400,100,200,200
15,h,29,2255,500,1400,100,200,200
15,h,30,2255,500,1400,100,200,200
15,h,31,2255,500,1400,100,200,200
15,h,32,2255,500,1400,100,200,200
15,h,33,2255,500,1400,100,200,200
15,h,34,2255,500,1400,100,200,200
15,h,35,2255,500,1400,100,200,200
15,h,36,2255,500,1400,100,200,200
15,h,37,2255,500,1400,100,200,200
15,h,38,2255,500,1400,100,200,200
15,h,39,2255,500,1400,100,200,200
15,h,40,2255,500,1400,100,200,200
15,h,41,2255,500,1400,100,200,200
15,h,42,2255,500,1400,100,200,200
15,h,43,2255,500,1400,100,200,200
15,h,44,2255,500,1400,100,200,200
15,h,45,2255,500,1400,100,200,200
15,h,46,2255,500,1400,100,200,200
15,h,47,2255,500,1400,100,200,200
15,h,48,2255,500,1400,100,200,200
15,h,49,2255,500,1400,100,200,200
15,h,50,2255,500,1400,100,200,200
15,h,51,2255,500,1400,100,200,200
15,h,52,2255,500,1400,100,200,200
15,h,53,2255,500,1400,100,200,200
15,h,54,2255,500,1400,100,200,200
15,h,55,2255,500,1400,100,200,200
15,h,56,2255,500,1400,100,200,200
15,h,57,2255,500,1400,100,200,200
15,h,58,2255,500,1400,100,200,200
15,h,59,2255,500,1400,100,200,200
15,h,60,2255,500,1400,100,200,200
15,h,61,2255,500,1400,100,200,200
15,h,62,2255,500,1400,100,200,200
15,h,63,2255,500,1400,100,200,200
