Detector Meta Data,,,,,,,,ADC to Energy Fit Parameters (ax^2 + bx + c),,,,,,Resolution,
scb,gamma_channel,sipm_crystal,dac_id,cathod,asic,pannel,measured_cathod_voltage,a,a_err,b,b_err,c,c_err,Resolution @ 662 keV,Resolution Err @ 662 keV
A,8,Z1-0,2,5,0,Z1,27.5,-8.19E-05,5.84E-05,8.50E+00,4.42E-02,1.60E+03,3.47E+00,14.82,0.09
A,12,Z1-1,3,6,0,Z1,27.47,-3.68E-04,7.08E-04,9.53E+00,5.32E-01,1.52E+03,4.17E+01,14.8,0.67
A,16,Z1-2,4,7,0,Z1,27.52,1.21E-04,6.21E-04,8.48E+00,4.66E-01,1.57E+03,3.65E+01,14.61,0.61
A,20,Z1-3,5,8,0,Z1,27.43,-9.25E-05,3.58E-04,8.64E+00,2.69E-01,1.55E+03,2.10E+01,14.82,0.37
A,8,Z0-0,7,1,1,Z0,27.46,-2.39E-04,3.07E-04,8.87E+00,2.31E-01,1.63E+03,1.80E+01,14.86,0.31
A,12,Z0-1,6,2,1,Z0,27.47,-3.13E-04,8.99E-04,9.42E+00,6.75E-01,1.50E+03,5.28E+01,14.43,0.83
A,16,Z0-2,0,3,1,Z0,27.5,-8.08E-04,6.26E-04,1.05E+01,4.72E-01,1.49E+03,3.69E+01,14.77,0.57
A,20,Z0-3,1,4,1,Z0,27.48,-5.90E-04,8.38E-04,9.86E+00,6.31E-01,1.50E+03,4.94E+01,14.35,0.77
B,8,Y1-0,2,5,0,Y1,27.5,3.80E-05,2.38E-04,7.87E+00,1.78E-01,1.55E+03,1.40E+01,15.34,0.27
B,12,Y1-1,3,6,0,Y1,27.48,4.39E-04,3.85E-04,7.20E+00,2.88E-01,1.55E+03,2.27E+01,15.4,0.44
B,16,Y1-2,4,7,0,Y1,27.48,-8.41E-05,1.60E-04,8.32E+00,1.20E-01,1.45E+03,9.80E+00,15.34,0.18
B,20,Z1-4,5,8,0,Z1,27.51,-6.54E-04,4.75E-04,1.01E+01,3.60E-01,1.51E+03,2.96E+01,14.89,0.46
B,8,Y0-0,7,1,1,Y0,27.5,3.00E-04,5.72E-04,7.69E+00,4.31E-01,1.49E+03,4.23E+01,14.5,0.6
B,12,Y0-1,6,2,1,Y0,27.36,7.64E-04,7.81E-04,6.79E+00,5.87E-01,1.48E+03,5.26E+01,14.27,0.83
B,16,Y0-2,0,3,1,Y0,27.45,1.13E-04,1.99E-04,7.88E+00,1.49E-01,1.58E+03,1.26E+01,15.42,0.23
B,20,Z0-4,1,4,1,Z0,27.52,-6.31E-04,5.99E-04,9.85E+00,4.54E-01,1.64E+03,3.61E+01,15.15,0.59
C,8,X1-0,2,5,0,X1,27.49,2.86E-05,8.83E-05,7.75E+00,6.62E-02,1.50E+03,5.48E+00,15.34,0.12
C,12,X1-1,3,6,0,X1,27.49,2.27E-04,5.27E-04,7.56E+00,3.97E-01,1.46E+03,3.48E+01,15.1,0.58
C,16,X1-2,4,7,0,X1,27.49,-4.08E-04,6.27E-04,8.70E+00,4.74E-01,1.34E+03,4.44E+01,15.77,0.7
C,20,D1-0,5,8,0,D1,27.49,-2.94E-03,7.89E-04,1.45E+01,6.10E-01,1.27E+03,4.86E+01,17.01,0.78
C,8,X0-0,7,1,1,X0,27.46,-2.47E-03,1.69E-03,1.40E+01,1.34E+00,7.85E+02,1.05E+02,23.7,2.11
C,12,X0-1,6,2,1,X0,27.51,6.56E-05,1.05E-04,7.87E+00,7.84E-02,1.60E+03,6.11E+00,15.55,0.13
C,16,X0-2,0,3,1,X0,27.43,-2.11E-03,1.37E-03,1.34E+01,1.07E+00,9.44E+02,8.37E+01,22.13,1.62
C,20,D0-0,1,4,1,D0,27.42,-3.18E-03,3.46E-04,1.47E+01,3.10E-01,1.38E+03,2.74E+01,15.22,0.37